Source,Target,Year,Count
"Pera, İstanbul, Turkey","Unknown, Unknown, Unknown",1928.0,116
"Pera, İstanbul, Turkey","Unknown, Unknown, Unknown",1927.0,101
"Pera, İstanbul, Turkey","Unknown, Unknown, Unknown",1929.0,60
"Pera, İstanbul, Turkey","Unknown, Unknown, Unknown",1930.0,27
"Unknown, Unknown, Unknown","Pera, İstanbul, Turkey",1928.0,26
"Unknown, Unknown, Unknown","Pera, İstanbul, Turkey",1929.0,23
"Unknown, İzmir, Turkey","Unknown, Unknown, Unknown",1928.0,22
"Unknown, Cairo, Egypt","Unknown, Unknown, Unknown",1928.0,21
"Fatih, İstanbul, Turkey","Unknown, Unknown, Unknown",1928.0,19
"Unknown, İzmir, Turkey","Unknown, Unknown, Unknown",1929.0,16
"Pera, İstanbul, Turkey","Fatih, İstanbul, Turkey",1927.0,15
"Unknown, Unknown, Unknown","Pera, İstanbul, Turkey",1930.0,14
"Unknown, Unknown, Unknown","Pera, İstanbul, Turkey",1923.0,14
"Unknown, Unknown, Unknown","Pera, İstanbul, Turkey",1911.0,13
"Unknown, Ankara, Turkey","Unknown, Unknown, Unknown",1928.0,13
"Unknown, Jerusalem, Israel","Unknown, Unknown, Unknown",1928.0,13
"Fatih, İstanbul, Turkey","Unknown, Unknown, Unknown",1929.0,13
"Unknown, Unknown, Unknown","Pera, İstanbul, Turkey",1900.0,13
"Unknown, Unknown, Unknown","Pera, İstanbul, Turkey",1924.0,12
"Unknown, Unknown, Unknown","Fatih, İstanbul, Turkey",1929.0,12
"Unknown, Unknown, Unknown","Pera, İstanbul, Turkey",1927.0,12
"Pera, İstanbul, Turkey","Fatih, İstanbul, Turkey",1928.0,12
"Unknown, Unknown, Unknown","Pera, İstanbul, Turkey",1925.0,11
"Unknown, Unknown, Unknown","Pera, İstanbul, Turkey",1926.0,11
"Unknown, İzmir, Turkey","Unknown, Unknown, Unknown",1927.0,11
"Unknown, Unknown, Unknown","Pera, İstanbul, Turkey",1910.0,11
"Unknown, Unknown, Unknown","Pera, İstanbul, Turkey",1912.0,10
"Unknown, Unknown, Unknown","Pera, İstanbul, Turkey",1919.0,10
"Fatih, İstanbul, Turkey","Pera, İstanbul, Turkey",1928.0,10
"Unknown, Unknown, Unknown","Fatih, İstanbul, Turkey",1927.0,10
"Unknown, Unknown, Unknown","Fatih, İstanbul, Turkey",1928.0,9
"Unknown, Unknown, Unknown","Pera, İstanbul, Turkey",1913.0,9
"Unknown, Unknown, Unknown","Pera, İstanbul, Turkey",1914.0,9
"Unknown, Alexandria, Egypt","Unknown, Unknown, Unknown",1928.0,9
"Unknown, Unknown, Unknown","Pera, İstanbul, Turkey",1920.0,9
"Unknown, Unknown, Unknown","Pera, İstanbul, Turkey",1901.0,8
"Unknown, Unknown, Unknown","Pera, İstanbul, Turkey",1908.0,8
"Fatih, İstanbul, Turkey","Unknown, Unknown, Unknown",1930.0,8
"Unknown, Baghdad, Iraq","Unknown, Unknown, Unknown",1928.0,8
"Unknown, Unknown, Unknown","Unknown, İzmir, Turkey",1928.0,7
"Unknown, Cairo, Egypt","Unknown, Unknown, Unknown",1930.0,7
"Unknown, Cairo, Egypt","Unknown, Unknown, Unknown",1929.0,7
"Unknown, Jerusalem, Israel","Unknown, Unknown, Unknown",1929.0,7
"Unknown, Jaffa, Israel","Unknown, Unknown, Unknown",1928.0,7
"Unknown, Samsun, Turkey","Unknown, Unknown, Unknown",1929.0,7
"Unknown, Unknown, Unknown","Unknown, Baghdad, Iraq",1928.0,7
"Unknown, Cairo, Egypt","Unknown, Unknown, Unknown",1926.0,6
"Fatih, İstanbul, Turkey","Unknown, Unknown, Unknown",1927.0,6
"Unknown, Cairo, Egypt","Unknown, Unknown, Unknown",1927.0,6
"Unknown, Unknown, Unknown","Unknown, Adana, Turkey",1930.0,6
"Unknown, Aydın, Turkey","Unknown, Unknown, Unknown",1929.0,6
"Unknown, Ankara, Turkey","Unknown, Unknown, Unknown",1927.0,6
"Unknown, Unknown, Unknown","Unknown, Beirut, Lebanon",1900.0,6
"Unknown, Unknown, Unknown","Unknown, Cairo, Egypt",1904.0,6
"Fatih, İstanbul, Turkey","Pera, İstanbul, Turkey",1929.0,6
"Unknown, Unknown, Unknown","Unknown, Baghdad, Iraq",1900.0,5
"Unknown, Unknown, Unknown","Unknown, Beirut, Lebanon",1916.0,5
"Unknown, Unknown, Unknown","Unknown, Alexandria, Egypt",1903.0,5
"Unknown, Unknown, Unknown","Pera, İstanbul, Turkey",1903.0,5
"Pera, İstanbul, Turkey","Unknown, Unknown, Unknown",1913.0,5
"Unknown, Unknown, Unknown","Unknown, Aydın, Turkey",1928.0,5
"Unknown, Kermanshah, Iran","Unknown, Unknown, Unknown",1928.0,5
"Pera, İstanbul, Turkey","Unknown, İzmir, Turkey",1928.0,5
"Unknown, Ankara, Turkey","Unknown, Unknown, Unknown",1930.0,5
"Unknown, Cairo, Egypt","Unknown, Unknown, Unknown",1919.0,5
"Unknown, Adana, Turkey","Unknown, Unknown, Unknown",1928.0,5
"Unknown, Hama, Syria","Unknown, Unknown, Unknown",1928.0,5
"Unknown, Balıkesir, Turkey","Unknown, Unknown, Unknown",1928.0,5
"Unknown, Alexandria, Egypt","Unknown, Unknown, Unknown",1920.0,5
"Unknown, Unknown, Unknown","Unknown, İzmir, Turkey",1929.0,5
"Unknown, Baghdad, Iraq","Unknown, Unknown, Unknown",1929.0,5
"Unknown, Uşak, Turkey","Unknown, Unknown, Unknown",1928.0,5
"Unknown, Mersin, Turkey","Unknown, Unknown, Unknown",1927.0,5
"Unknown, Unknown, Unknown","Unknown, İzmir, Turkey",1900.0,5
"Unknown, Mersin, Turkey","Unknown, Unknown, Unknown",1930.0,5
"Unknown, Samsun, Turkey","Unknown, Unknown, Unknown",1928.0,5
"Unknown, Baghdad, Iraq","Unknown, Unknown, Unknown",1927.0,4
"Unknown, Bursa, Turkey","Unknown, Unknown, Unknown",1928.0,4
"Unknown, Bursa, Turkey","Unknown, Unknown, Unknown",1927.0,4
"Unknown, Cairo, Egypt","Unknown, Unknown, Unknown",1924.0,4
"Unknown, Mersin, Turkey","Unknown, Unknown, Unknown",1928.0,4
"Pera, İstanbul, Turkey","Unknown, İzmir, Turkey",1927.0,4
"Unknown, Konya, Turkey","Unknown, Unknown, Unknown",1928.0,4
"Unknown, Alexandria, Egypt","Unknown, Unknown, Unknown",1929.0,4
"Unknown, Denizli, Turkey","Unknown, Unknown, Unknown",1929.0,4
"Unknown, Alexandria, Egypt","Unknown, Unknown, Unknown",1927.0,4
"Unknown, Alexandria, Egypt","Unknown, Unknown, Unknown",1930.0,4
"Unknown, Adana, Turkey","Unknown, Unknown, Unknown",1929.0,4
"Unknown, Unknown, Unknown","Unknown, İzmir, Turkey",1901.0,4
"Unknown, Baghdad, Iraq","Unknown, Unknown, Unknown",1930.0,4
"Unknown, Antalya, Turkey","Unknown, Unknown, Unknown",1928.0,4
"Unknown, Aydın, Turkey","Unknown, Unknown, Unknown",1930.0,4
"Unknown, İzmir, Turkey","Unknown, Unknown, Unknown",1930.0,4
"Unknown, Unknown, Unknown","Unknown, Jaffa, Israel",1912.0,4
"Unknown, Unknown, Unknown","Unknown, Cairo, Egypt",1900.0,4
"Unknown, Unknown, Unknown","Fatih, İstanbul, Turkey",1920.0,4
"Unknown, Unknown, Unknown","Pera, İstanbul, Turkey",1918.0,4
"Pera, İstanbul, Turkey","Fatih, İstanbul, Turkey",1923.0,4
"Unknown, Unknown, Unknown","Unknown, Bursa, Turkey",1900.0,4
"Unknown, Unknown, Unknown","Unknown, Damascus, Syria",1912.0,4
"Unknown, Unknown, Unknown","Unknown, Haifa, Israel",1928.0,4
"Unknown, Unknown, Unknown","Fatih, İstanbul, Turkey",1921.0,4
"Pera, İstanbul, Turkey","Unknown, Unknown, Unknown",1910.0,4
"Unknown, Unknown, Unknown","Unknown, Adana, Turkey",1928.0,4
"Unknown, Unknown, Unknown","Unknown, Alexandria, Egypt",1900.0,4
"Pera, İstanbul, Turkey","Unknown, Adana, Turkey",1928.0,4
"Unknown, Unknown, Unknown","Unknown, Beirut, Lebanon",1920.0,4
"Pera, İstanbul, Turkey","Unknown, Ankara, Turkey",1928.0,4
"Unknown, Şanlıurfa, Turkey","Unknown, Unknown, Unknown",1929.0,4
"Unknown, Ankara, Turkey","Unknown, Unknown, Unknown",1929.0,4
"Fatih, İstanbul, Turkey","Pera, İstanbul, Turkey",1927.0,4
"Fatih, İstanbul, Turkey","Pera, İstanbul, Turkey",1924.0,4
"Fatih, İstanbul, Turkey","Pera, İstanbul, Turkey",1918.0,3
"Fatih, İstanbul, Turkey","Pera, İstanbul, Turkey",1925.0,3
"Unknown, İzmir, Turkey","Pera, İstanbul, Turkey",1929.0,3
"Unknown, Ankara, Turkey","Pera, İstanbul, Turkey",1928.0,3
"Unknown, İzmir, Turkey","Pera, İstanbul, Turkey",1928.0,3
"Unknown, İzmir, Turkey","Fatih, İstanbul, Turkey",1928.0,3
"Unknown, Şanlıurfa, Turkey","Unknown, Unknown, Unknown",1928.0,3
"Unknown, Unknown, Unknown","Fatih, İstanbul, Turkey",1930.0,3
"Unknown, Unknown, Unknown","Pera, İstanbul, Turkey",1922.0,3
"Unknown, Unknown, Unknown","Unknown, Beirut, Lebanon",1904.0,3
"Unknown, Unknown, Unknown","Unknown, Alexandria, Egypt",1902.0,3
"Unknown, Unknown, Unknown","Unknown, Alexandria, Egypt",1928.0,3
"Pera, İstanbul, Turkey","Fatih, İstanbul, Turkey",1929.0,3
"Unknown, Unknown, Unknown","Unknown, Alexandria, Egypt",1905.0,3
"Unknown, Unknown, Unknown","Unknown, Ankara, Turkey",1930.0,3
"Unknown, Unknown, Unknown","Unknown, Alexandria, Egypt",1922.0,3
"Unknown, Unknown, Unknown","Unknown, Ankara, Turkey",1928.0,3
"Pera, İstanbul, Turkey","Unknown, Aydın, Turkey",1928.0,3
"Pera, İstanbul, Turkey","Unknown, Aydın, Turkey",1929.0,3
"Unknown, Unknown, Unknown","Unknown, Bitola, North Macedonia",1908.0,3
"Unknown, Unknown, Unknown","Fatih, İstanbul, Turkey",1910.0,3
"Pera, İstanbul, Turkey","Unknown, Bolu, Turkey",1928.0,3
"Unknown, Unknown, Unknown","Unknown, Baghdad, Iraq",1929.0,3
"Pera, İstanbul, Turkey","Unknown, Samsun, Turkey",1928.0,3
"Unknown, Unknown, Unknown","Pera, İstanbul, Turkey",1909.0,3
"Unknown, Eskişehir, Turkey","Unknown, Unknown, Unknown",1928.0,3
"Unknown, Eskişehir, Turkey","Unknown, Unknown, Unknown",1929.0,3
"Unknown, Cairo, Egypt","Unknown, Unknown, Unknown",1923.0,3
"Unknown, Unknown, Unknown","Unknown, İzmir, Turkey",1923.0,3
"Unknown, Unknown, Unknown","Unknown, İzmir, Turkey",1926.0,3
"Unknown, Unknown, Unknown","Unknown, İzmir, Turkey",1925.0,3
"Unknown, Unknown, Unknown","Unknown, İzmir, Turkey",1930.0,3
"Unknown, Cairo, Egypt","Unknown, Unknown, Unknown",1921.0,3
"Unknown, Unknown, Unknown","Unknown, Paris, France",1928.0,3
"Unknown, Unknown, Unknown","Unknown, Samsun, Turkey",1930.0,3
"Unknown, Basra, Iraq","Unknown, Unknown, Unknown",1928.0,3
"Unknown, Jaffa, Israel","Unknown, Unknown, Unknown",1930.0,3
"Unknown, Adana, Turkey","Unknown, Unknown, Unknown",1930.0,3
"Unknown, Adana, Turkey","Pera, İstanbul, Turkey",1928.0,3
"Unknown, Unknown, Unknown","Unknown, Kayseri, Turkey",1929.0,3
"Unknown, Unknown, Unknown","Unknown, Malatya, Turkey",1928.0,3
"Unknown, Unknown, Unknown","Unknown, Mersin, Turkey",1930.0,3
"Unknown, Kütahya, Turkey","Unknown, Unknown, Unknown",1929.0,3
"Unknown, Paris, France","Pera, İstanbul, Turkey",1929.0,3
"Unknown, Port Said, Egypt","Unknown, Unknown, Unknown",1928.0,3
"Pera, İstanbul, Turkey","Yenikapı, İstanbul, Turkey",1929.0,3
"Unknown, Tekirdağ, Turkey","Unknown, Unknown, Unknown",1928.0,3
"Unknown, Trabzon, Turkey","Unknown, Unknown, Unknown",1930.0,3
"Unknown, Unknown, Turkey","Unknown, Unknown, Unknown",1929.0,3
"Unknown, Unknown, Unknown","Fatih, İstanbul, Turkey",1905.0,3
"Unknown, Unknown, Unknown","Unknown, Jerusalem, Israel",1930.0,3
"Unknown, Gaziantep, Turkey","Unknown, Unknown, Unknown",1929.0,3
"Unknown, Edirne, Turkey","Unknown, Unknown, Unknown",1928.0,3
"Unknown, Unknown, Unknown","Unknown, Konya, Turkey",1924.0,3
"Unknown, Unknown, Unknown","Unknown, Çorum, Turkey",1929.0,3
"Unknown, Unknown, Unknown","Unknown, Beirut, Lebanon",1914.0,2
"Unknown, Unknown, Unknown","Unknown, Beirut, Lebanon",1912.0,2
"Unknown, Amman, Jordan","Unknown, Jerusalem, Israel",1928.0,2
"Unknown, Amman, Jordan","Unknown, Unknown, Unknown",1930.0,2
"Unknown, İzmir, Turkey","Pera, İstanbul, Turkey",1926.0,2
"Unknown, İzmir, Turkey","Unknown, Konya, Turkey",1930.0,2
"Unknown, İzmir, Turkey","Unknown, Denizli, Turkey",1927.0,2
"Unknown, İzmir, Turkey","Unknown, Unknown, Unknown",1924.0,2
"Unknown, Antalya, Turkey","Unknown, Unknown, Unknown",1930.0,2
"Unknown, İzmir, Turkey","Pera, İstanbul, Turkey",1923.0,2
"Unknown, İstanbul, Turkey","Unknown, Unknown, Unknown",1930.0,2
"Unknown, İzmir, Turkey","Pera, İstanbul, Turkey",1914.0,2
"Bandırma, Balıkesir, Turkey","Unknown, Unknown, Unknown",1930.0,2
"Unknown, Aydın, Turkey","Unknown, Unknown, Unknown",1927.0,2
"Pera, İstanbul, Turkey","Unknown, Ankara, Turkey",1929.0,2
"Unknown, Unknown, Unknown","Unknown, Ankara, Turkey",1927.0,2
"Unknown, Unknown, Unknown","Unknown, Aleppo, Syria",1900.0,2
"Unknown, Unknown, Unknown","Unknown, Aleppo, Syria",1905.0,2
"Unknown, Unknown, Unknown","Unknown, Aleppo, Syria",1908.0,2
"Pera, İstanbul, Turkey","Unknown, Ankara, Turkey",1926.0,2
"Unknown, Unknown, Unknown","Unknown, Alexandria, Egypt",1919.0,2
"Pera, İstanbul, Turkey","Unknown, Beirut, Lebanon",1928.0,2
"Pera, İstanbul, Turkey","Fatih, İstanbul, Turkey",1926.0,2
"Pera, İstanbul, Turkey","Unknown, Aydın, Turkey",1927.0,2
"Yeni Cami, İstanbul, Turkey","Unknown, Unknown, Unknown",1930.0,2
"Unknown, Unknown, Unknown","Unknown, Baghdad, Iraq",1912.0,2
"Unknown, Unknown, Unknown","Unknown, Aydın, Turkey",1929.0,2
"Yeni Cami, İstanbul, Turkey","Unknown, Unknown, Unknown",1928.0,2
"Unknown, Unknown, Unknown","Adapazarı, Sakarya, Turkey",1928.0,2
"Unknown, Unknown, Unknown","Fatih, İstanbul, Turkey",1924.0,2
"Unknown, Unknown, Unknown","Fatih, İstanbul, Turkey",1922.0,2
"Pera, İstanbul, Turkey","Unknown, Unknown, Unknown",1912.0,2
"Pera, İstanbul, Turkey","Unknown, Unknown, Unknown",1906.0,2
"Unknown, Unknown, Unknown","Pera, İstanbul, Turkey",1904.0,2
"Pera, İstanbul, Turkey","Unknown, Ordu, Turkey",1928.0,2
"Pera, İstanbul, Turkey","Unknown, Samsun, Turkey",1929.0,2
"Unknown, Unknown, Unknown","Nazilli, Aydın, Turkey",1919.0,2
"Unknown, Unknown, Unknown","Unknown, Cairo, Egypt",1908.0,2
"Fatih, İstanbul, Turkey","Unknown, İzmir, Turkey",1927.0,2
"Unknown, Unknown, Unknown","Unknown, Cairo, Egypt",1919.0,2
"Unknown, Unknown, Unknown","Unknown, Cairo, Egypt",1921.0,2
"Unknown, Unknown, Unknown","Unknown, Cairo, Egypt",1926.0,2
"Unknown, Unknown, Unknown","Unknown, Cairo, Egypt",1927.0,2
"Unknown, Unknown, Unknown","Unknown, Cairo, Egypt",1928.0,2
"Pera, İstanbul, Turkey","Unknown, Bursa, Turkey",1929.0,2
"Pera, İstanbul, Turkey","Unknown, Bolu, Turkey",1927.0,2
"Pera, İstanbul, Turkey","Unknown, Konya, Turkey",1928.0,2
"Unknown, Unknown, Unknown","Unknown, Basra, Iraq",1922.0,2
"Unknown, Unknown, Unknown","Unknown, Balıkesir, Turkey",1928.0,2
"Unknown, Unknown, Unknown","Unknown, Basra, Iraq",1921.0,2
"Unknown, Unknown, Unknown","Unknown, Adana, Turkey",1908.0,2
"Unknown, Unknown, Unknown","Unknown, Adana, Turkey",1929.0,2
"Unknown, Unknown, Unknown","Unknown, Alexandria, Egypt",1901.0,2
"Unknown, Unknown, Unknown","Unknown, Beirut, Lebanon",1908.0,2
"Unknown, Unknown, Unknown","Unknown, Beirut, Lebanon",1909.0,2
"Unknown, Unknown, Unknown","Unknown, Beirut, Lebanon",1910.0,2
"Pera, İstanbul, Turkey","Unknown, Adana, Turkey",1927.0,2
"Unknown, Unknown, Unknown","Unknown, Beirut, Lebanon",1911.0,2
"Unknown, Unknown, Unknown","Fatih, İstanbul, Turkey",1902.0,2
"Unknown, Unknown, Unknown","Unknown, Jaffa, Israel",1920.0,2
"Pera, İstanbul, Turkey","Unknown, Unknown, Unknown",1924.0,2
"Pera, İstanbul, Turkey","Unknown, Unknown, Unknown",1922.0,2
"Pera, İstanbul, Turkey","Unknown, Unknown, Unknown",1917.0,2
"Unknown, Skopje, North Macedonia","Unknown, Unknown, Unknown",1928.0,2
"Unknown, Tekirdağ, Turkey","Unknown, Unknown, Unknown",1930.0,2
"Unknown, Sivas, Turkey","Unknown, Unknown, Unknown",1929.0,2
"Unknown, Unknown, Turkey","Unknown, Unknown, Unknown",1928.0,2
"Pera, İstanbul, Turkey","Unknown, Unknown, Unknown",1925.0,2
"Unknown, Nicosia, Cyprus","Unknown, Unknown, Unknown",1927.0,2
"Unknown, Nicosia, Cyprus","Unknown, Unknown, Unknown",1928.0,2
"Unknown, Nicosia, Cyprus","Unknown, Unknown, Unknown",1930.0,2
"Pera, İstanbul, Turkey","Unknown, İzmir, Turkey",1925.0,2
"Unknown, Paris, France","Unknown, İzmir, Turkey",1927.0,2
"Unknown, Tehran, Iran","Unknown, Unknown, Unknown",1927.0,2
"Unknown, Port Said, Egypt","Unknown, Unknown, Unknown",1929.0,2
"Unknown, Unknown, Unknown","Ceyhan, Adana, Turkey",1930.0,2
"Unknown, Unknown, Unknown","Unknown, Cairo, Egypt",1901.0,2
"Unknown, Unknown, Unknown","Unknown, Bursa, Turkey",1930.0,2
"Unknown, Unknown, Unknown","Unknown, Denizli, Turkey",1929.0,2
"Unknown, Unknown, Unknown","Unknown, Damascus, Syria",1910.0,2
"Pera, İstanbul, Turkey","Unknown, Unknown, Unknown",1903.0,2
"Pera, İstanbul, Turkey","Unknown, Tekirdağ, Turkey",1927.0,2
"Unknown, Unknown, Unknown","Fatih, İstanbul, Turkey",1907.0,2
"Unknown, Unknown, Unknown","Fatih, İstanbul, Turkey",1909.0,2
"Unknown, Tekirdağ, Turkey","Unknown, Unknown, Unknown",1927.0,2
"Unknown, Unknown, Unknown","Unknown, Jeddah, Saudi Arabia",1916.0,2
"Unknown, Unknown, Unknown","Unknown, Giresun, Turkey",1920.0,2
"Unknown, Unknown, Unknown","Unknown, Gaziantep, Turkey",1928.0,2
"Fatih, İstanbul, Turkey","Unknown, Samsun, Turkey",1929.0,2
"Unknown, Unknown, Unknown","Unknown, Kayseri, Turkey",1920.0,2
"Unknown, Unknown, Unknown","Unknown, Jaffa, Israel",1919.0,2
"Unknown, Unknown, Unknown","Fatih, İstanbul, Turkey",1900.0,2
"Unknown, Unknown, Unknown","Unknown, Manisa, Turkey",1929.0,2
"Unknown, Unknown, Unknown","Unknown, Malatya, Turkey",1929.0,2
"Unknown, Unknown, Unknown","Unknown, Larnaca, Cyprus",1920.0,2
"Unknown, Unknown, Unknown","Unknown, Larnaca, Cyprus",1928.0,2
"Unknown, Unknown, Unknown","Unknown, Larnaca, Cyprus",1904.0,2
"Unknown, Unknown, Unknown","Unknown, Kütahya, Turkey",1928.0,2
"Unknown, Unknown, Unknown","Unknown, Mersin, Turkey",1908.0,2
"Fatih, İstanbul, Turkey","Unknown, Unknown, Unknown",1908.0,2
"Unknown, Kütahya, Turkey","Unknown, Unknown, Unknown",1928.0,2
"Unknown, Konya, Turkey","Unknown, Unknown, Unknown",1929.0,2
"Unknown, Unknown, Unknown","Unknown, Mersin, Turkey",1902.0,2
"Unknown, Unknown, Unknown","Unknown, Port Said, Egypt",1905.0,2
"Unknown, London, United Kingdom","Unknown, Paris, France",1928.0,2
"Unknown, Malatya, Turkey","Unknown, Unknown, Unknown",1929.0,2
"Unknown, Larnaca, Cyprus","Unknown, Nicosia, Cyprus",1930.0,2
"Unknown, Limassol, Cyprus","Unknown, Unknown, Unknown",1928.0,2
"Pera, İstanbul, Turkey","Unknown, Unknown, Unknown",1926.0,2
"Unknown, Adana, Turkey","Unknown, Unknown, Unknown",1927.0,2
"Unknown, Giresun, Turkey","Unknown, Unknown, Unknown",1928.0,2
"Unknown, Alexandria, Egypt","Unknown, Unknown, Unknown",1909.0,2
"Unknown, Jerusalem, Israel","Unknown, Jaffa, Israel",1926.0,2
"Unknown, Haifa, Israel","Unknown, Unknown, Unknown",1928.0,2
"Unknown, Edirne, Turkey","Unknown, Unknown, Unknown",1929.0,2
"Unknown, Hama, Syria","Unknown, Unknown, Unknown",1930.0,2
"Unknown, Kayseri, Turkey","Unknown, Unknown, Unknown",1929.0,2
"Unknown, Kayseri, Turkey","Unknown, Unknown, Unknown",1928.0,2
"Unknown, Jaffa, Israel","Unknown, Unknown, Unknown",1919.0,2
"Unknown, Unknown, Unknown","Unknown, Jerusalem, Israel",1913.0,2
"Tarsus, Mersin, Turkey","Unknown, Unknown, Unknown",1928.0,2
"Unknown, Adana, Turkey","Ceyhan, Adana, Turkey",1930.0,2
"Unknown, Konya, Turkey","Unknown, Unknown, Unknown",1930.0,2
"Unknown, Afyonkarahisar, Turkey","Unknown, Unknown, Unknown",1928.0,2
"Unknown, Unknown, Unknown","Unknown, Samsun, Turkey",1928.0,2
"Unknown, Unknown, Unknown","Unknown, Port Said, Egypt",1926.0,2
"Unknown, Unknown, Unknown","Unknown, Thessaloniki, Greece",1911.0,2
"Unknown, Unknown, Unknown","Unknown, Thessaloniki, Greece",1905.0,2
"Unknown, Unknown, Unknown","Unknown, Thessaloniki, Greece",1904.0,2
"Unknown, Unknown, Unknown","Unknown, Unknown, France",1928.0,2
"Unknown, Unknown, Unknown","Unknown, Çorum, Turkey",1930.0,2
"Unknown, Diyarbakır, Turkey","Unknown, Unknown, Unknown",1930.0,2
"Unknown, Hama, Syria","Unknown, Arak, Iran",1930.0,2
"Unknown, Damascus, Syria","Unknown, Unknown, Unknown",1908.0,2
"Unknown, Damascus, Syria","Pera, İstanbul, Turkey",1918.0,2
"Unknown, Afyonkarahisar, Turkey","Unknown, Unknown, Unknown",1929.0,2
"Unknown, Unknown, Unknown","Unknown, Sivas, Turkey",1929.0,2
"Fatih, İstanbul, Turkey","Pera, İstanbul, Turkey",1904.0,2
"Unknown, Zonguldak, Turkey","Unknown, Unknown, Unknown",1928.0,2
"Unknown, Unknown, Unknown","Unknown, Naples, Italy",1928.0,2
"Unknown, Unknown, Unknown","Unknown, İzmir, Turkey",1924.0,2
"Unknown, Unknown, Unknown","Yeni Cami, İstanbul, Turkey",1929.0,2
"Unknown, Unknown, Unknown","Unknown, İzmir, Turkey",1908.0,2
"Unknown, Unknown, Unknown","Unknown, İzmir, Turkey",1902.0,2
"Unknown, Unknown, Unknown","Unknown, Unknown, Turkey",1928.0,2
"Unknown, Unknown, Unknown","Unknown, Uşak, Turkey",1927.0,2
"Unknown, Alexandria, Egypt","Unknown, Unknown, Unknown",1921.0,2
"Unknown, Unknown, Unknown","Unknown, İzmir, Turkey",1909.0,2
"Unknown, Alexandria, Egypt","Unknown, Unknown, Unknown",1923.0,2
"Unknown, Alexandria, Egypt","Unknown, Unknown, Unknown",1924.0,2
"Unknown, Beirut, Lebanon","Pera, İstanbul, Turkey",1912.0,2
"Unknown, Cairo, Egypt","Pera, İstanbul, Turkey",1924.0,2
"Unknown, Beirut, Lebanon","Unknown, Port Said, Egypt",1918.0,2
"Unknown, Basra, Iraq","Unknown, Unknown, Unknown",1922.0,2
"Unknown, İzmir, Turkey","Unknown, Kayseri, Turkey",1929.0,2
"Adapazarı, Sakarya, Turkey","Unknown, Unknown, Unknown",1929.0,2
"Akşehir, Konya, Turkey","Pera, İstanbul, Turkey",1912.0,1
"İnebolu, Kastamonu, Turkey","Unknown, Unknown, Unknown",1928.0,1
"Adapazarı, Sakarya, Turkey","Fatih, İstanbul, Turkey",1929.0,1
"Adapazarı, Sakarya, Turkey","Pera, İstanbul, Turkey",1925.0,1
"Adapazarı, Sakarya, Turkey","Pera, İstanbul, Turkey",1928.0,1
"Unknown, İzmir, Turkey","Unknown, Diyarbakır, Turkey",1930.0,1
"Unknown, İzmir, Turkey","Unknown, Eskişehir, Turkey",1904.0,1
"Unknown, İzmir, Turkey","Unknown, Giresun, Turkey",1909.0,1
"Unknown, İzmir, Turkey","Unknown, Ioannina, Greece",1930.0,1
"Unknown, İzmir, Turkey","Unknown, Jerusalem, Israel",1928.0,1
"Unknown, İzmir, Turkey","Unknown, Konya, Turkey",1904.0,1
"Unknown, İzmir, Turkey","Unknown, Konya, Turkey",1924.0,1
"Fatih, İstanbul, Turkey","Pera, İstanbul, Turkey",1920.0,1
"Fatih, İstanbul, Turkey","Pera, İstanbul, Turkey",1921.0,1
"Fatih, İstanbul, Turkey","Pera, İstanbul, Turkey",1923.0,1
"Fatih, İstanbul, Turkey","Pera, İstanbul, Turkey",1926.0,1
"Unknown, İzmir, Turkey","Unknown, Sakarya, Turkey",1913.0,1
"Unknown, İzmir, Turkey","Unknown, Samsun, Turkey",1923.0,1
"Unknown, İzmir, Turkey","Unknown, Trabzon, Turkey",1925.0,1
"Unknown, İzmir, Turkey","Unknown, Unknown, Unknown",1906.0,1
"Unknown, İzmir, Turkey","Unknown, Unknown, Unknown",1925.0,1
"Unknown, Ankara, Turkey","Pera, İstanbul, Turkey",1924.0,1
"Unknown, Ankara, Turkey","Pera, İstanbul, Turkey",1927.0,1
"Unknown, Ankara, Turkey","Unknown, Adana, Turkey",1923.0,1
"Unknown, Aydın, Turkey","Pera, İstanbul, Turkey",1920.0,1
"Unknown, Aydın, Turkey","Unknown, Adana, Turkey",1929.0,1
"Unknown, Aydın, Turkey","Unknown, Ankara, Turkey",1930.0,1
"Unknown, Aydın, Turkey","Unknown, Baghdad, Iraq",1930.0,1
"Unknown, Aydın, Turkey","Unknown, Bursa, Turkey",1911.0,1
"Unknown, Aydın, Turkey","Unknown, Sofia, Bulgaria",1912.0,1
"Unknown, Ankara, Turkey","Unknown, Samsun, Turkey",1928.0,1
"Unknown, Ankara, Turkey","Unknown, Tunis, Tunisia",1928.0,1
"Unknown, Ankara, Turkey","Unknown, Unknown, Unknown",1922.0,1
"Unknown, Ankara, Turkey","Unknown, İzmir, Turkey",1929.0,1
"Bandırma, Balıkesir, Turkey","Pera, İstanbul, Turkey",1930.0,1
"Bandırma, Balıkesir, Turkey","Unknown, Unknown, Unknown",1924.0,1
"Bandırma, Balıkesir, Turkey","Unknown, Unknown, Unknown",1928.0,1
"Unknown, Antalya, Turkey","Unknown, Unknown, Unknown",1929.0,1
"Unknown, Arak, Iran","Unknown, Hamadan, Iran",1929.0,1
"Unknown, Arak, Iran","Unknown, Hamadan, Iran",1930.0,1
"Unknown, Arak, Iran","Unknown, Unknown, Unknown",1919.0,1
"Unknown, Aydın, Turkey","Adapazarı, Sakarya, Turkey",1911.0,1
"Unknown, Aydın, Turkey","Fatih, İstanbul, Turkey",1928.0,1
"Unknown, Ankara, Turkey","Yeni Cami, İstanbul, Turkey",1930.0,1
"Unknown, Antalya, Turkey","Bandırma, Balıkesir, Turkey",1930.0,1
"Unknown, Antalya, Turkey","Fatih, İstanbul, Turkey",1929.0,1
"Unknown, Antalya, Turkey","Pera, İstanbul, Turkey",1928.0,1
"Unknown, Antalya, Turkey","Unknown, Adana, Turkey",1930.0,1
"Unknown, Antalya, Turkey","Unknown, Ankara, Turkey",1929.0,1
"Unknown, Antalya, Turkey","Unknown, Aydın, Turkey",1928.0,1
"Unknown, Antalya, Turkey","Unknown, Unknown, Unknown",1927.0,1
"Unknown, Amman, Jordan","Unknown, Jerusalem, Israel",1930.0,1
"Unknown, Amman, Jordan","Unknown, Unknown, Unknown",1929.0,1
"Unknown, Balıkesir, Turkey","Unknown, Unknown, Unknown",1927.0,1
"Unknown, Aydın, Turkey","Unknown, Zonguldak, Turkey",1928.0,1
"Unknown, Aydın, Turkey","Unknown, İzmir, Turkey",1919.0,1
"Unknown, Aydın, Turkey","İnebolu, Kastamonu, Turkey",1930.0,1
"Unknown, Baghdad, Iraq","Fatih, İstanbul, Turkey",1921.0,1
"Unknown, Baghdad, Iraq","Fatih, İstanbul, Turkey",1924.0,1
"Unknown, Baghdad, Iraq","Pera, İstanbul, Turkey",1928.0,1
"Unknown, Baghdad, Iraq","Unknown, Alexandria, Egypt",1921.0,1
"Unknown, Baghdad, Iraq","Unknown, Basra, Iraq",1923.0,1
"Unknown, Baghdad, Iraq","Unknown, Basra, Iraq",1928.0,1
"Unknown, Baghdad, Iraq","Unknown, Basra, Iraq",1930.0,1
"Unknown, Baghdad, Iraq","Unknown, Bursa, Turkey",1921.0,1
"Unknown, Baghdad, Iraq","Unknown, Damascus, Syria",1904.0,1
"Unknown, Baghdad, Iraq","Unknown, Hama, Syria",1922.0,1
"Unknown, Baghdad, Iraq","Unknown, Hama, Syria",1930.0,1
"Unknown, Baghdad, Iraq","Unknown, Mosul, Iraq",1907.0,1
"Unknown, Basra, Iraq","Unknown, Unknown, Unknown",1919.0,1
"Unknown, Basra, Iraq","Unknown, Unknown, Unknown",1924.0,1
"Unknown, Basra, Iraq","Unknown, İzmir, Turkey",1925.0,1
"Unknown, Basra, Iraq","Unknown, Şanlıurfa, Turkey",1926.0,1
"Unknown, Bayburt, Turkey","Unknown, Giresun, Turkey",1930.0,1
"Unknown, Bayburt, Turkey","Unknown, Unknown, Turkey",1930.0,1
"Unknown, Baghdad, Iraq","Unknown, Trabzon, Turkey",1909.0,1
"Unknown, Baghdad, Iraq","Unknown, Unknown, Unknown",1923.0,1
"Unknown, Baghdad, Iraq","Unknown, Unknown, Unknown",1924.0,1
"Unknown, Baghdad, Iraq","Unknown, Unknown, Unknown",1925.0,1
"Unknown, Baghdad, Iraq","Unknown, İzmir, Turkey",1927.0,1
"Unknown, Balıkesir, Turkey","Pera, İstanbul, Turkey",1928.0,1
"Unknown, Balıkesir, Turkey","Unknown, Denizli, Turkey",1929.0,1
"Unknown, Balıkesir, Turkey","Unknown, Konya, Turkey",1929.0,1
"Unknown, Balıkesir, Turkey","Unknown, Mersin, Turkey",1930.0,1
"Unknown, Balıkesir, Turkey","Unknown, Sivas, Turkey",1924.0,1
"Unknown, Beirut, Lebanon","Unknown, Cairo, Egypt",1917.0,1
"Unknown, Beirut, Lebanon","Unknown, Jaffa, Israel",1914.0,1
"Unknown, Beirut, Lebanon","Unknown, Tekirdağ, Turkey",1929.0,1
"Unknown, Beirut, Lebanon","Unknown, Unknown, Unknown",1904.0,1
"Unknown, Beirut, Lebanon","Unknown, Unknown, Unknown",1907.0,1
"Unknown, Beirut, Lebanon","Unknown, Unknown, Unknown",1920.0,1
"Unknown, Beirut, Lebanon","Unknown, Unknown, Unknown",1923.0,1
"Unknown, Beirut, Lebanon","Unknown, Unknown, Unknown",1928.0,1
"Unknown, Balıkesir, Turkey","Unknown, Unknown, Unknown",1929.0,1
"Unknown, Balıkesir, Turkey","Unknown, Unknown, Unknown",1930.0,1
"Unknown, Basra, Iraq","Fatih, İstanbul, Turkey",1921.0,1
"Unknown, Basra, Iraq","Unknown, Baghdad, Iraq",1921.0,1
"Unknown, Basra, Iraq","Unknown, Baghdad, Iraq",1929.0,1
"Unknown, Basra, Iraq","Unknown, Beirut, Lebanon",1914.0,1
"Unknown, Basra, Iraq","Unknown, Hamadan, Iran",1922.0,1
"Unknown, Basra, Iraq","Unknown, Hamadan, Iran",1928.0,1
"Unknown, Bitola, North Macedonia","Pera, İstanbul, Turkey",1928.0,1
"Unknown, Bitola, North Macedonia","Unknown, Beirut, Lebanon",1905.0,1
"Unknown, Bitola, North Macedonia","Unknown, Unknown, Unknown",1904.0,1
"Unknown, Bitola, North Macedonia","Unknown, Unknown, Unknown",1909.0,1
"Unknown, Bitola, North Macedonia","Unknown, Unknown, Unknown",1913.0,1
"Unknown, Bitola, North Macedonia","Unknown, Unknown, Unknown",1922.0,1
"Unknown, Bitola, North Macedonia","Unknown, Unknown, Unknown",1928.0,1
"Unknown, Bolu, Turkey","Fatih, İstanbul, Turkey",1927.0,1
"Unknown, Bolu, Turkey","Fatih, İstanbul, Turkey",1930.0,1
"Unknown, Bolu, Turkey","Pera, İstanbul, Turkey",1925.0,1
"Unknown, Bayburt, Turkey","Unknown, Unknown, Unknown",1928.0,1
"Unknown, Bayburt, Turkey","Unknown, Unknown, Unknown",1929.0,1
"Unknown, Bayburt, Turkey","Unknown, Unknown, Unknown",1930.0,1
"Unknown, Beirut, Lebanon","Fatih, İstanbul, Turkey",1910.0,1
"Unknown, Beirut, Lebanon","Pera, İstanbul, Turkey",1920.0,1
"Unknown, Beirut, Lebanon","Unknown, Basra, Iraq",1921.0,1
"Unknown, Bolu, Turkey","Unknown, Unknown, Unknown",1928.0,1
"Unknown, Bolu, Turkey","Unknown, Unknown, Unknown",1929.0,1
"Unknown, Bolu, Turkey","Yeni Cami, İstanbul, Turkey",1930.0,1
"Unknown, Bursa, Turkey","Fatih, İstanbul, Turkey",1927.0,1
"Unknown, Bursa, Turkey","Pera, İstanbul, Turkey",1920.0,1
"Unknown, Bursa, Turkey","Pera, İstanbul, Turkey",1923.0,1
"Unknown, Bursa, Turkey","Tarsus, Mersin, Turkey",1928.0,1
"Unknown, Bursa, Turkey","Unknown, Adana, Turkey",1924.0,1
"Unknown, Bursa, Turkey","Unknown, Basra, Iraq",1927.0,1
"Unknown, Bursa, Turkey","Unknown, Mersin, Turkey",1930.0,1
"Unknown, Beirut, Lebanon","Unknown, Unknown, Unknown",1929.0,1
"Unknown, Beirut, Lebanon","Unknown, Uşak, Turkey",1920.0,1
"Unknown, Bilecik, Turkey","Unknown, Alexandria, Egypt",1930.0,1
"Unknown, Bilecik, Turkey","Unknown, Unknown, Unknown",1919.0,1
"Unknown, Bilecik, Turkey","Yeni Cami, İstanbul, Turkey",1928.0,1
"Unknown, Bitlis, Turkey","Unknown, Mosul, Iraq",1928.0,1
"Unknown, Alexandria, Egypt","Unknown, Unknown, Unknown",1913.0,1
"Unknown, Alexandria, Egypt","Unknown, Unknown, Unknown",1914.0,1
"Unknown, Alexandria, Egypt","Unknown, Unknown, Unknown",1919.0,1
"Unknown, Bursa, Turkey","Unknown, Unknown, Unknown",1930.0,1
"Unknown, Bursa, Turkey","Unknown, Uşak, Turkey",1930.0,1
"Unknown, Cairo, Egypt","Fatih, İstanbul, Turkey",1905.0,1
"Unknown, Cairo, Egypt","Fatih, İstanbul, Turkey",1916.0,1
"Unknown, Cairo, Egypt","Pera, İstanbul, Turkey",1926.0,1
"Unknown, Cairo, Egypt","Unknown, Alexandria, Egypt",1927.0,1
"Unknown, Cairo, Egypt","Unknown, Ankara, Turkey",1926.0,1
"Unknown, Bolu, Turkey","Pera, İstanbul, Turkey",1927.0,1
"Unknown, Bolu, Turkey","Pera, İstanbul, Turkey",1930.0,1
"Unknown, Bolu, Turkey","Unknown, Ankara, Turkey",1928.0,1
"Unknown, Bolu, Turkey","Unknown, Balıkesir, Turkey",1928.0,1
"Unknown, Bolu, Turkey","Unknown, Diyarbakır, Turkey",1928.0,1
"Unknown, Bolu, Turkey","Unknown, Jerusalem, Israel",1928.0,1
"Unknown, Cairo, Egypt","Unknown, Unknown, Unknown",1925.0,1
"Unknown, Bursa, Turkey","Unknown, Samsun, Turkey",1929.0,1
"Unknown, Bursa, Turkey","Unknown, Unknown, Unknown",1912.0,1
"Unknown, Bursa, Turkey","Unknown, Unknown, Unknown",1915.0,1
"Unknown, Bursa, Turkey","Unknown, Unknown, Unknown",1916.0,1
"Unknown, Bursa, Turkey","Unknown, Unknown, Unknown",1924.0,1
"Unknown, Bursa, Turkey","Unknown, Unknown, Unknown",1929.0,1
"Unknown, Ankara, Turkey","Unknown, Antalya, Turkey",1928.0,1
"Unknown, Ankara, Turkey","Unknown, Aydın, Turkey",1928.0,1
"Unknown, Ankara, Turkey","Unknown, Aydın, Turkey",1930.0,1
"Unknown, Ankara, Turkey","Unknown, Balıkesir, Turkey",1928.0,1
"Unknown, Ankara, Turkey","Unknown, Cairo, Egypt",1928.0,1
"Unknown, Ankara, Turkey","Unknown, Kayseri, Turkey",1930.0,1
"Unknown, Ankara, Turkey","Unknown, Konya, Turkey",1905.0,1
"Unknown, Ankara, Turkey","Unknown, Ordu, Turkey",1928.0,1
"Unknown, Alexandria, Egypt","Unknown, Unknown, Unknown",1912.0,1
"Unknown, Damascus, Syria","Unknown, Rhodes, Greece",1912.0,1
"Unknown, Damascus, Syria","Unknown, Unknown, Unknown",1902.0,1
"Unknown, Damascus, Syria","Unknown, Unknown, Unknown",1903.0,1
"Unknown, Damascus, Syria","Unknown, Unknown, Unknown",1923.0,1
"Unknown, Denizli, Turkey","Pera, İstanbul, Turkey",1926.0,1
"Unknown, Denizli, Turkey","Unknown, Unknown, Unknown",1928.0,1
"Unknown, Cairo, Egypt","Unknown, Antalya, Turkey",1928.0,1
"Unknown, Cairo, Egypt","Unknown, Gaziantep, Turkey",1927.0,1
"Unknown, Cairo, Egypt","Unknown, Larnaca, Cyprus",1901.0,1
"Unknown, Cairo, Egypt","Unknown, Sofia, Bulgaria",1921.0,1
"Unknown, Cairo, Egypt","Unknown, Unknown, Egypt",1908.0,1
"Unknown, Cairo, Egypt","Unknown, Unknown, Unknown",1905.0,1
"Unknown, Cairo, Egypt","Unknown, Unknown, Unknown",1907.0,1
"Unknown, Cairo, Egypt","Unknown, Unknown, Unknown",1909.0,1
"Unknown, Cairo, Egypt","Unknown, Unknown, Unknown",1914.0,1
"Unknown, Cairo, Egypt","Unknown, Unknown, Unknown",1922.0,1
"Unknown, Edirne, Turkey","Pera, İstanbul, Turkey",1928.0,1
"Unknown, Edirne, Turkey","Pera, İstanbul, Turkey",1930.0,1
"Unknown, Damascus, Syria","Pera, İstanbul, Turkey",1913.0,1
"Unknown, Damascus, Syria","Unknown, Baghdad, Iraq",1905.0,1
"Unknown, Damascus, Syria","Unknown, Beirut, Lebanon",1905.0,1
"Unknown, Alexandria, Egypt","Unknown, İzmir, Turkey",1923.0,1
"Unknown, Alexandroupoli, Greece","Unknown, Giresun, Turkey",1928.0,1
"Unknown, Alexandroupoli, Greece","Unknown, Gümüşhane, Turkey",1919.0,1
"Unknown, Amman, Jordan","Fatih, İstanbul, Turkey",1920.0,1
"Unknown, Aleppo, Syria","Fatih, İstanbul, Turkey",1922.0,1
"Unknown, Aleppo, Syria","Unknown, Adana, Turkey",1919.0,1
"Unknown, Aleppo, Syria","Unknown, Beirut, Lebanon",1930.0,1
"Unknown, Aleppo, Syria","Unknown, Cairo, Egypt",1906.0,1
"Unknown, Aleppo, Syria","Unknown, Gaziantep, Turkey",1908.0,1
"Unknown, Aleppo, Syria","Unknown, Unknown, Unknown",1916.0,1
"Unknown, Aleppo, Syria","Unknown, Unknown, Unknown",1926.0,1
"Unknown, Erzurum, Turkey","Unknown, Unknown, Unknown",1929.0,1
"Unknown, Eskişehir, Turkey","Pera, İstanbul, Turkey",1924.0,1
"Unknown, Eskişehir, Turkey","Pera, İstanbul, Turkey",1927.0,1
"Unknown, Denizli, Turkey","Unknown, Unknown, Unknown",1930.0,1
"Unknown, Denizli, Turkey","Unknown, İzmir, Turkey",1930.0,1
"Unknown, Diyarbakır, Turkey","Pera, İstanbul, Turkey",1928.0,1
"Unknown, Diyarbakır, Turkey","Unknown, Bayburt, Turkey",1929.0,1
"Unknown, Diyarbakır, Turkey","Unknown, Edirne, Turkey",1924.0,1
"Unknown, Diyarbakır, Turkey","Unknown, Manisa, Turkey",1928.0,1
"Unknown, Diyarbakır, Turkey","Unknown, Unknown, Unknown",1927.0,1
"Unknown, Diyarbakır, Turkey","Unknown, Unknown, Unknown",1928.0,1
"Unknown, Diyarbakır, Turkey","Unknown, Unknown, Unknown",1929.0,1
"Unknown, Diyarbakır, Turkey","Unknown, Uşak, Turkey",1929.0,1
"Unknown, Edirne, Turkey","Fatih, İstanbul, Turkey",1927.0,1
"Unknown, Edirne, Turkey","Fatih, İstanbul, Turkey",1928.0,1
"Unknown, Edirne, Turkey","Pera, İstanbul, Turkey",1927.0,1
"Unknown, Famagusta, Cyprus","Unknown, Unknown, Unknown",1930.0,1
"Unknown, Gaziantep, Turkey","Pera, İstanbul, Turkey",1910.0,1
"Unknown, Gaziantep, Turkey","Unknown, Aleppo, Syria",1919.0,1
"Unknown, Gaziantep, Turkey","Unknown, Aydın, Turkey",1928.0,1
"Unknown, Gaziantep, Turkey","Unknown, Unknown, Unknown",1928.0,1
"Unknown, Edirne, Turkey","Unknown, Ankara, Turkey",1919.0,1
"Unknown, Edirne, Turkey","Unknown, Ankara, Turkey",1928.0,1
"Unknown, Edirne, Turkey","Unknown, Basra, Iraq",1926.0,1
"Unknown, Edirne, Turkey","Unknown, Bolu, Turkey",1929.0,1
"Unknown, Edirne, Turkey","Unknown, Unknown, Unknown",1927.0,1
"Unknown, Elazığ, Turkey","Unknown, Unknown, Unknown",1924.0,1
"Unknown, Elazığ, Turkey","Unknown, Unknown, Unknown",1927.0,1
"Unknown, Elazığ, Turkey","Unknown, Unknown, Unknown",1928.0,1
"Unknown, Erzurum, Turkey","Unknown, Trabzon, Turkey",1928.0,1
"Unknown, Erzurum, Turkey","Unknown, Trabzon, Turkey",1930.0,1
"Unknown, Erzurum, Turkey","Unknown, Unknown, Unknown",1928.0,1
"Unknown, Adana, Turkey","Unknown, Uşak, Turkey",1912.0,1
"Unknown, Adana, Turkey","Unknown, İzmir, Turkey",1923.0,1
"Unknown, Haifa, Israel","Unknown, Unknown, Unknown",1929.0,1
"Unknown, Haifa, Israel","Unknown, Unknown, Unknown",1930.0,1
"Unknown, Hama, Syria","Unknown, Baghdad, Iraq",1928.0,1
"Unknown, Hama, Syria","Unknown, Hamadan, Iran",1922.0,1
"Unknown, Hama, Syria","Unknown, Hamadan, Iran",1929.0,1
"Unknown, Hama, Syria","Unknown, Jaffa, Israel",1913.0,1
"Unknown, Eskişehir, Turkey","Pera, İstanbul, Turkey",1928.0,1
"Unknown, Eskişehir, Turkey","Unknown, Ankara, Turkey",1923.0,1
"Unknown, Eskişehir, Turkey","Unknown, Ankara, Turkey",1928.0,1
"Unknown, Eskişehir, Turkey","Unknown, Antalya, Turkey",1911.0,1
"Unknown, Eskişehir, Turkey","Unknown, İzmir, Turkey",1909.0,1
"Unknown, Eskişehir, Turkey","İnebolu, Kastamonu, Turkey",1928.0,1
"Unknown, Famagusta, Cyprus","Unknown, Nicosia, Cyprus",1928.0,1
"Unknown, Famagusta, Cyprus","Unknown, Nicosia, Cyprus",1929.0,1
"Unknown, Gaziantep, Turkey","Unknown, Şanlıurfa, Turkey",1929.0,1
"Unknown, Giresun, Turkey","Unknown, Adana, Turkey",1930.0,1
"Unknown, Giresun, Turkey","Unknown, Ankara, Turkey",1930.0,1
"Unknown, Giresun, Turkey","Unknown, Bayburt, Turkey",1930.0,1
"Unknown, Giresun, Turkey","Unknown, Samsun, Turkey",1929.0,1
"Unknown, Haifa, Israel","Unknown, London, United Kingdom",1926.0,1
"Unknown, Haifa, Israel","Unknown, Unknown, Unknown",1913.0,1
"Unknown, Aleppo, Syria","Unknown, Unknown, Unknown",1927.0,1
"Unknown, Alexandria, Egypt","Pera, İstanbul, Turkey",1908.0,1
"Unknown, Alexandria, Egypt","Pera, İstanbul, Turkey",1923.0,1
"Unknown, Alexandria, Egypt","Pera, İstanbul, Turkey",1924.0,1
"Unknown, Alexandria, Egypt","Unknown, Latakia, Syria",1927.0,1
"Unknown, Alexandria, Egypt","Unknown, Unknown, France",1920.0,1
"Unknown, Alexandria, Egypt","Unknown, Unknown, Unknown",1908.0,1
"Unknown, Adana, Turkey","Unknown, Unknown, Italy",1928.0,1
"Unknown, Adana, Turkey","Unknown, Unknown, Turkey",1928.0,1
"Unknown, Jaffa, Israel","Unknown, Unknown, Unknown",1929.0,1
"Unknown, Jeddah, Saudi Arabia","Unknown, Cairo, Egypt",1917.0,1
"Unknown, Hama, Syria","Unknown, Unknown, Unknown",1927.0,1
"Unknown, Hamadan, Iran","Fatih, İstanbul, Turkey",1930.0,1
"Unknown, Hamadan, Iran","Unknown, Arak, Iran",1930.0,1
"Unknown, Hamadan, Iran","Unknown, Basra, Iraq",1929.0,1
"Unknown, Hamadan, Iran","Unknown, Jaffa, Israel",1930.0,1
"Unknown, Hamadan, Iran","Unknown, Kermanshah, Iran",1928.0,1
"Unknown, Hamadan, Iran","Unknown, Unknown, Unknown",1928.0,1
"Unknown, Hamadan, Iran","Unknown, Unknown, Unknown",1930.0,1
"Unknown, Ioannina, Greece","Pera, İstanbul, Turkey",1929.0,1
"Unknown, Ioannina, Greece","Unknown, Denizli, Turkey",1930.0,1
"Unknown, Ismailia, Egypt","Unknown, Unknown, Unknown",1928.0,1
"Unknown, Ismailia, Egypt","Unknown, Unknown, Unknown",1930.0,1
"Unknown, Jaffa, Israel","Pera, İstanbul, Turkey",1929.0,1
"Unknown, Jaffa, Israel","Unknown, Afyonkarahisar, Turkey",1915.0,1
"Unknown, Jerusalem, Israel","Unknown, Uşak, Turkey",1930.0,1
"Unknown, Kastamonu, Turkey","Adapazarı, Sakarya, Turkey",1927.0,1
"Unknown, Kastamonu, Turkey","Unknown, Kırklareli, Turkey",1928.0,1
"Unknown, Kastamonu, Turkey","Unknown, Unknown, Unknown",1928.0,1
"Unknown, Kastamonu, Turkey","Unknown, Unknown, Unknown",1930.0,1
"Unknown, Jaffa, Israel","Unknown, Alexandria, Egypt",1920.0,1
"Unknown, Jaffa, Israel","Unknown, Amman, Jordan",1928.0,1
"Unknown, Jaffa, Israel","Unknown, Baghdad, Iraq",1928.0,1
"Unknown, Jaffa, Israel","Unknown, Haifa, Israel",1926.0,1
"Unknown, Jaffa, Israel","Unknown, Haifa, Israel",1927.0,1
"Unknown, Jaffa, Israel","Unknown, Jerusalem, Israel",1927.0,1
"Unknown, Jaffa, Israel","Unknown, Jerusalem, Israel",1929.0,1
"Unknown, Jaffa, Israel","Unknown, Jerusalem, Israel",1930.0,1
"Unknown, Jaffa, Israel","Unknown, Naples, Italy",1930.0,1
"Unknown, Jaffa, Israel","Unknown, Unknown, Unknown",1921.0,1
"Unknown, Jaffa, Israel","Unknown, Unknown, Unknown",1927.0,1
"Unknown, Adana, Turkey","Fatih, İstanbul, Turkey",1912.0,1
"Unknown, Adana, Turkey","Fatih, İstanbul, Turkey",1925.0,1
"Unknown, Adana, Turkey","Pera, İstanbul, Turkey",1922.0,1
"Unknown, Kayseri, Turkey","Unknown, Unknown, Unknown",1930.0,1
"Unknown, Kermanshah, Iran","Unknown, Arak, Iran",1929.0,1
"Unknown, Kermanshah, Iran","Unknown, Unknown, Unknown",1929.0,1
"Unknown, Konya, Turkey","Fatih, İstanbul, Turkey",1921.0,1
"Unknown, Konya, Turkey","Pera, İstanbul, Turkey",1930.0,1
"Unknown, Jeddah, Saudi Arabia","Unknown, Unknown, Unknown",1915.0,1
"Unknown, Jeddah, Saudi Arabia","Unknown, Unknown, Unknown",1921.0,1
"Unknown, Jeddah, Saudi Arabia","Unknown, Unknown, Unknown",1924.0,1
"Unknown, Jerusalem, Israel","Ceyhan, Adana, Turkey",1925.0,1
"Unknown, Jerusalem, Israel","Unknown, Amman, Jordan",1928.0,1
"Unknown, Jerusalem, Israel","Unknown, Amman, Jordan",1929.0,1
"Unknown, Jerusalem, Israel","Unknown, Jaffa, Israel",1923.0,1
"Unknown, Jerusalem, Israel","Unknown, Unknown, Unknown",1930.0,1
"Unknown, Kavala, Greece","Unknown, Unknown, Unknown",1911.0,1
"Unknown, Kavala, Greece","Unknown, Unknown, Unknown",1913.0,1
"Unknown, Kavala, Greece","Unknown, Unknown, Unknown",1930.0,1
"Unknown, Kayseri, Turkey","Adapazarı, Sakarya, Turkey",1930.0,1
"Unknown, Kayseri, Turkey","Pera, İstanbul, Turkey",1923.0,1
"Unknown, Kayseri, Turkey","Unknown, Ankara, Turkey",1930.0,1
"Unknown, Afyonkarahisar, Turkey","Fatih, İstanbul, Turkey",1923.0,1
"Unknown, Afyonkarahisar, Turkey","Pera, İstanbul, Turkey",1920.0,1
"Unknown, Afyonkarahisar, Turkey","Pera, İstanbul, Turkey",1923.0,1
"Unknown, Afyonkarahisar, Turkey","Unknown, Gaziantep, Turkey",1906.0,1
"Unknown, Afyonkarahisar, Turkey","Unknown, Konya, Turkey",1913.0,1
"Unknown, Afyonkarahisar, Turkey","Unknown, Kütahya, Turkey",1913.0,1
"Unknown, Afyonkarahisar, Turkey","Unknown, Mersin, Turkey",1906.0,1
"Tarsus, Mersin, Turkey","Unknown, Malatya, Turkey",1930.0,1
"Unknown, Adana, Turkey","Bandırma, Balıkesir, Turkey",1930.0,1
"Unknown, Adana, Turkey","Fatih, İstanbul, Turkey",1910.0,1
"Unknown, Larnaca, Cyprus","Pera, İstanbul, Turkey",1908.0,1
"Unknown, Konya, Turkey","Unknown, Afyonkarahisar, Turkey",1918.0,1
"Unknown, Konya, Turkey","Unknown, Ankara, Turkey",1928.0,1
"Unknown, Konya, Turkey","Unknown, Ankara, Turkey",1929.0,1
"Unknown, Konya, Turkey","Unknown, Antalya, Turkey",1927.0,1
"Unknown, Konya, Turkey","Unknown, Antalya, Turkey",1928.0,1
"Unknown, Konya, Turkey","Unknown, Aydın, Turkey",1909.0,1
"Unknown, Konya, Turkey","Unknown, Skopje, North Macedonia",1909.0,1
"Unknown, Konya, Turkey","Unknown, Trabzon, Turkey",1929.0,1
"Unknown, Konya, Turkey","Unknown, Uşak, Turkey",1925.0,1
"Unknown, Konya, Turkey","Unknown, İzmir, Turkey",1905.0,1
"Unknown, Konya, Turkey","Unknown, İzmir, Turkey",1926.0,1
"Unknown, Konya, Turkey","Unknown, İzmir, Turkey",1928.0,1
"Unknown, Konya, Turkey","Unknown, İzmir, Turkey",1930.0,1
"Unknown, Kastamonu, Turkey","İnebolu, Kastamonu, Turkey",1930.0,1
"Unknown, Kavala, Greece","Bandırma, Balıkesir, Turkey",1908.0,1
"Unknown, Larnaca, Cyprus","Unknown, İznik, Turkey",1922.0,1
"Unknown, Latakia, Syria","Unknown, İzmir, Turkey",1913.0,1
"Unknown, London, United Kingdom","Pera, İstanbul, Turkey",1907.0,1
"Unknown, Kütahya, Turkey","Pera, İstanbul, Turkey",1907.0,1
"Unknown, Kütahya, Turkey","Pera, İstanbul, Turkey",1917.0,1
"Unknown, Kütahya, Turkey","Pera, İstanbul, Turkey",1928.0,1
"Unknown, Kütahya, Turkey","Unknown, Ankara, Turkey",1920.0,1
"Unknown, Kütahya, Turkey","Unknown, Ordu, Turkey",1928.0,1
"Unknown, Kütahya, Turkey","Unknown, Unknown, Unknown",1911.0,1
"Unknown, Kütahya, Turkey","Unknown, Unknown, Unknown",1927.0,1
"Unknown, Kütahya, Turkey","Unknown, Çorum, Turkey",1929.0,1
"Unknown, Kütahya, Turkey","Unknown, İstanbul, Turkey",1928.0,1
"Unknown, Kütahya, Turkey","Unknown, İzmir, Turkey",1928.0,1
"Unknown, Kırklareli, Turkey","Unknown, Ankara, Turkey",1928.0,1
"Unknown, Kırklareli, Turkey","Unknown, Unknown, Unknown",1929.0,1
"Unknown, Larnaca, Cyprus","Fatih, İstanbul, Turkey",1904.0,1
"Unknown, Manisa, Turkey","Unknown, Bolu, Turkey",1928.0,1
"Unknown, Manisa, Turkey","Unknown, Unknown, Unknown",1929.0,1
"Unknown, Manisa, Turkey","Unknown, Unknown, Unknown",1930.0,1
"Unknown, Mansoura, Egypt","Unknown, Unknown, Unknown",1930.0,1
"Unknown, Mersin, Turkey","Pera, İstanbul, Turkey",1905.0,1
"Unknown, Larnaca, Cyprus","Unknown, Nicosia, Cyprus",1914.0,1
"Unknown, Larnaca, Cyprus","Unknown, Nicosia, Cyprus",1927.0,1
"Unknown, Larnaca, Cyprus","Unknown, Nicosia, Cyprus",1928.0,1
"Unknown, Larnaca, Cyprus","Unknown, Nicosia, Cyprus",1929.0,1
"Unknown, Larnaca, Cyprus","Unknown, Samsun, Turkey",1911.0,1
"Unknown, Larnaca, Cyprus","Unknown, Unknown, Greece",1929.0,1
"Unknown, Larnaca, Cyprus","Unknown, Unknown, Syria",1913.0,1
"Unknown, Larnaca, Cyprus","Unknown, Unknown, Unknown",1927.0,1
"Unknown, Larnaca, Cyprus","Unknown, Unknown, Unknown",1928.0,1
"Unknown, Larnaca, Cyprus","Unknown, İzmir, Turkey",1906.0,1
"Unknown, Larnaca, Cyprus","Unknown, İzmir, Turkey",1910.0,1
"Pera, İstanbul, Turkey","Unknown, İzmir, Turkey",1924.0,1
"Pera, İstanbul, Turkey","Unknown, İzmir, Turkey",1926.0,1
"Unknown, Mersin, Turkey","Unknown, Unknown, Unknown",1901.0,1
"Unknown, Mersin, Turkey","Unknown, Unknown, Unknown",1920.0,1
"Unknown, Mersin, Turkey","Unknown, Unknown, Unknown",1929.0,1
"Unknown, Mosul, Iraq","Bandırma, Balıkesir, Turkey",1921.0,1
"Unknown, Mosul, Iraq","Pera, İstanbul, Turkey",1921.0,1
"Unknown, London, United Kingdom","Pera, İstanbul, Turkey",1929.0,1
"Unknown, London, United Kingdom","Pera, İstanbul, Turkey",1930.0,1
"Unknown, London, United Kingdom","Unknown, Jerusalem, Israel",1926.0,1
"Unknown, London, United Kingdom","Unknown, Unknown, Unknown",1928.0,1
"Unknown, Malatya, Turkey","Adapazarı, Sakarya, Turkey",1928.0,1
"Unknown, Malatya, Turkey","Pera, İstanbul, Turkey",1928.0,1
"Unknown, Malatya, Turkey","Unknown, Unknown, Turkey",1929.0,1
"Unknown, Malatya, Turkey","Unknown, Unknown, Unknown",1930.0,1
"Unknown, Malatya, Turkey","Unknown, İstanbul, Turkey",1929.0,1
"Unknown, Mersin, Turkey","Unknown, Denizli, Turkey",1929.0,1
"Unknown, Mersin, Turkey","Unknown, Jaffa, Israel",1929.0,1
"Unknown, Mersin, Turkey","Unknown, Konya, Turkey",1930.0,1
"Unknown, Mersin, Turkey","Unknown, Larnaca, Cyprus",1906.0,1
"Unknown, Mersin, Turkey","Unknown, Unknown, Cyprus",1927.0,1
"Unknown, Adana, Turkey","Pera, İstanbul, Turkey",1924.0,1
"Unknown, Adana, Turkey","Unknown, Aydın, Turkey",1929.0,1
"Unknown, Adana, Turkey","Unknown, Eskişehir, Turkey",1909.0,1
"Unknown, Adana, Turkey","Unknown, Jerusalem, Israel",1930.0,1
"Unknown, Adana, Turkey","Unknown, Nicosia, Cyprus",1922.0,1
"Unknown, Adana, Turkey","Unknown, Rhodes, Greece",1925.0,1
"Unknown, Adana, Turkey","Unknown, Sofia, Bulgaria",1929.0,1
"Pera, İstanbul, Turkey","Unknown, İzmir, Turkey",1911.0,1
"Pera, İstanbul, Turkey","Unknown, İzmir, Turkey",1921.0,1
"Pera, İstanbul, Turkey","Unknown, İzmir, Turkey",1922.0,1
"Pera, İstanbul, Turkey","Unknown, İzmir, Turkey",1923.0,1
"Unknown, Mosul, Iraq","Unknown, Bitlis, Turkey",1915.0,1
"Unknown, Mosul, Iraq","Unknown, Unknown, Unknown",1915.0,1
"Unknown, Mytilene, Greece","Pera, İstanbul, Turkey",1909.0,1
"Unknown, Mytilene, Greece","Unknown, Unknown, Unknown",1928.0,1
"Unknown, Naples, Italy","Unknown, Haifa, Israel",1930.0,1
"Unknown, Naples, Italy","Unknown, Jerusalem, Israel",1930.0,1
"Unknown, Nicosia, Cyprus","Unknown, Famagusta, Cyprus",1929.0,1
"Unknown, Nicosia, Cyprus","Unknown, Famagusta, Cyprus",1930.0,1
"Unknown, Nicosia, Cyprus","Unknown, Kastamonu, Turkey",1928.0,1
"Unknown, Nicosia, Cyprus","Unknown, Larnaca, Cyprus",1927.0,1
"Unknown, Nicosia, Cyprus","Unknown, Unknown, France",1914.0,1
"Unknown, Nicosia, Cyprus","Unknown, Unknown, Unknown",1914.0,1
"Unknown, Nicosia, Cyprus","Unknown, Unknown, Unknown",1924.0,1
"Unknown, Mersin, Turkey","Tarsus, Mersin, Turkey",1929.0,1
"Unknown, Mersin, Turkey","Unknown, Adana, Turkey",1912.0,1
"Unknown, Mersin, Turkey","Unknown, Adana, Turkey",1919.0,1
"Unknown, Samsun, Turkey","Pera, İstanbul, Turkey",1927.0,1
"Unknown, Ordu, Turkey","Milas, Muğla, Turkey",1929.0,1
"Unknown, Ordu, Turkey","Pera, İstanbul, Turkey",1915.0,1
"Unknown, Ordu, Turkey","Pera, İstanbul, Turkey",1925.0,1
"Unknown, Ordu, Turkey","Unknown, Balıkesir, Turkey",1930.0,1
"Unknown, Ordu, Turkey","Unknown, Bolu, Turkey",1930.0,1
"Unknown, Ordu, Turkey","Unknown, Bursa, Turkey",1923.0,1
"Unknown, Ordu, Turkey","Unknown, Unknown, Unknown",1927.0,1
"Unknown, Ordu, Turkey","Unknown, Unknown, Unknown",1928.0,1
"Unknown, Ordu, Turkey","Unknown, Unknown, Unknown",1929.0,1
"Unknown, Ordu, Turkey","Unknown, Unknown, Unknown",1930.0,1
"Unknown, Ordu, Turkey","Unknown, Uşak, Turkey",1930.0,1
"Unknown, Ordu, Turkey","Unknown, İzmir, Turkey",1928.0,1
"Unknown, Paris, France","Pera, İstanbul, Turkey",1928.0,1
"Unknown, Paris, France","Unknown, Antalya, Turkey",1928.0,1
"Unknown, Paris, France","Unknown, Giresun, Turkey",1928.0,1
"Unknown, Samsun, Turkey","Unknown, İzmir, Turkey",1907.0,1
"Unknown, Samsun, Turkey","Unknown, Şanlıurfa, Turkey",1928.0,1
"Unknown, Samsun, Turkey","İnebolu, Kastamonu, Turkey",1924.0,1
"Unknown, Sivas, Turkey","Fatih, İstanbul, Turkey",1921.0,1
"Unknown, Port Said, Egypt","Unknown, Beirut, Lebanon",1918.0,1
"Unknown, Port Said, Egypt","Unknown, Konya, Turkey",1903.0,1
"Unknown, Port Said, Egypt","Unknown, Unknown, Unknown",1908.0,1
"Unknown, Port Said, Egypt","Unknown, Unknown, Unknown",1918.0,1
"Unknown, Port Said, Egypt","Unknown, Unknown, Unknown",1923.0,1
"Unknown, Port Said, Egypt","Unknown, Unknown, Unknown",1925.0,1
"Unknown, Port Said, Egypt","Unknown, Unknown, Unknown",1927.0,1
"Unknown, Port Said, Egypt","Unknown, Unknown, Unknown",1930.0,1
"Unknown, Rhodes, Greece","Pera, İstanbul, Turkey",1929.0,1
"Unknown, Rhodes, Greece","Unknown, Unknown, Unknown",1927.0,1
"Unknown, Rhodes, Greece","Unknown, Unknown, Unknown",1928.0,1
"Unknown, Samsun, Turkey","Fatih, İstanbul, Turkey",1929.0,1
"Unknown, Sofia, Bulgaria","Unknown, Unknown, Unknown",1924.0,1
"Unknown, Sofia, Bulgaria","Unknown, Unknown, Unknown",1929.0,1
"Unknown, Tehran, Iran","Ceyhan, Adana, Turkey",1924.0,1
"Unknown, Tehran, Iran","Unknown, Unknown, Unknown",1929.0,1
"Unknown, Tehran, Iran","Unknown, Unknown, Unknown",1930.0,1
"Unknown, Tekirdağ, Turkey","Akşehir, Konya, Turkey",1927.0,1
"Unknown, Samsun, Turkey","Pera, İstanbul, Turkey",1929.0,1
"Unknown, Samsun, Turkey","Unknown, Ankara, Turkey",1925.0,1
"Unknown, Samsun, Turkey","Unknown, Gaziantep, Turkey",1929.0,1
"Unknown, Samsun, Turkey","Unknown, Kastamonu, Turkey",1924.0,1
"Unknown, Samsun, Turkey","Unknown, Sivas, Turkey",1914.0,1
"Unknown, Samsun, Turkey","Unknown, Unknown, Unknown",1901.0,1
"Unknown, Samsun, Turkey","Unknown, Unknown, Unknown",1914.0,1
"Unknown, Samsun, Turkey","Unknown, Unknown, Unknown",1921.0,1
"Unknown, Samsun, Turkey","Unknown, Unknown, Unknown",1924.0,1
"Unknown, Samsun, Turkey","Unknown, Unknown, Unknown",1930.0,1
"Unknown, Sivas, Turkey","Unknown, Unknown, Unknown",1927.0,1
"Unknown, Skopje, North Macedonia","Unknown, Ankara, Turkey",1922.0,1
"Unknown, Skopje, North Macedonia","Unknown, Mersin, Turkey",1912.0,1
"Unknown, Skopje, North Macedonia","Unknown, Unknown, Unknown",1929.0,1
"Unknown, Skopje, North Macedonia","Unknown, İzmir, Turkey",1910.0,1
"Unknown, Sofia, Bulgaria","Fatih, İstanbul, Turkey",1929.0,1
"Pera, İstanbul, Turkey","Unknown, Şanlıurfa, Turkey",1915.0,1
"Pera, İstanbul, Turkey","Unknown, Şanlıurfa, Turkey",1926.0,1
"Pera, İstanbul, Turkey","Unknown, Şanlıurfa, Turkey",1929.0,1
"Pera, İstanbul, Turkey","Yeni Cami, İstanbul, Turkey",1927.0,1
"Pera, İstanbul, Turkey","Yeni Cami, İstanbul, Turkey",1930.0,1
"Pera, İstanbul, Turkey","Yenikapı, İstanbul, Turkey",1930.0,1
"Pera, İstanbul, Turkey","Unknown, Unknown, Unknown",1916.0,1
"Pera, İstanbul, Turkey","Unknown, Unknown, Unknown",1918.0,1
"Pera, İstanbul, Turkey","Unknown, Unknown, Unknown",1919.0,1
"Unknown, Sofia, Bulgaria","Unknown, Aydın, Turkey",1919.0,1
"Unknown, Thessaloniki, Greece","Unknown, Unknown, Unknown",1923.0,1
"Unknown, Thessaloniki, Greece","Unknown, Unknown, Unknown",1927.0,1
"Unknown, Thessaloniki, Greece","Unknown, Unknown, Unknown",1928.0,1
"Unknown, Tekirdağ, Turkey","Fatih, İstanbul, Turkey",1914.0,1
"Unknown, Tekirdağ, Turkey","Pera, İstanbul, Turkey",1915.0,1
"Unknown, Tekirdağ, Turkey","Pera, İstanbul, Turkey",1921.0,1
"Unknown, Tekirdağ, Turkey","Pera, İstanbul, Turkey",1925.0,1
"Unknown, Tekirdağ, Turkey","Pera, İstanbul, Turkey",1930.0,1
"Unknown, Tekirdağ, Turkey","Unknown, Edirne, Turkey",1928.0,1
"Unknown, Tekirdağ, Turkey","Unknown, Elazığ, Turkey",1930.0,1
"Unknown, Tekirdağ, Turkey","Unknown, Kırklareli, Turkey",1927.0,1
"Unknown, Tekirdağ, Turkey","Unknown, Skopje, North Macedonia",1913.0,1
"Unknown, Tekirdağ, Turkey","Unknown, Unknown, Unknown",1929.0,1
"Unknown, Tekirdağ, Turkey","Unknown, İzmir, Turkey",1926.0,1
"Unknown, Thessaloniki, Greece","Fatih, İstanbul, Turkey",1928.0,1
"Unknown, Thessaloniki, Greece","Pera, İstanbul, Turkey",1905.0,1
"Unknown, Unknown, France","Unknown, Malatya, Turkey",1928.0,1
"Unknown, Unknown, France","Unknown, Unknown, Unknown",1928.0,1
"Unknown, Unknown, France","Unknown, İzmir, Turkey",1928.0,1
"Unknown, Thessaloniki, Greece","Pera, İstanbul, Turkey",1919.0,1
"Unknown, Thessaloniki, Greece","Pera, İstanbul, Turkey",1922.0,1
"Unknown, Thessaloniki, Greece","Pera, İstanbul, Turkey",1925.0,1
"Unknown, Thessaloniki, Greece","Unknown, Aleppo, Syria",1921.0,1
"Unknown, Thessaloniki, Greece","Unknown, Antalya, Turkey",1923.0,1
"Unknown, Thessaloniki, Greece","Unknown, Bitola, North Macedonia",1907.0,1
"Unknown, Thessaloniki, Greece","Unknown, Larnaca, Cyprus",1912.0,1
"Unknown, Thessaloniki, Greece","Unknown, Samsun, Turkey",1926.0,1
"Unknown, Thessaloniki, Greece","Unknown, Unknown, Unknown",1904.0,1
"Unknown, Thessaloniki, Greece","Unknown, Unknown, Unknown",1907.0,1
"Unknown, Thessaloniki, Greece","Unknown, Unknown, Unknown",1911.0,1
"Unknown, Thessaloniki, Greece","Unknown, Unknown, Unknown",1917.0,1
"Unknown, Thessaloniki, Greece","Unknown, Unknown, Unknown",1921.0,1
"Unknown, Unknown, Syria","Unknown, İznik, Turkey",1914.0,1
"Unknown, Unknown, Turkey","Unknown, Adana, Turkey",1928.0,1
"Unknown, Unknown, Turkey","Unknown, Ankara, Turkey",1930.0,1
"Unknown, Unknown, Unknown","Adapazarı, Sakarya, Turkey",1908.0,1
"Unknown, Trabzon, Turkey","Bolvadin, Afyonkarahisar, Turkey",1911.0,1
"Unknown, Trabzon, Turkey","Unknown, Unknown, Unknown",1905.0,1
"Unknown, Trabzon, Turkey","Unknown, Unknown, Unknown",1927.0,1
"Unknown, Trabzon, Turkey","Unknown, İzmir, Turkey",1924.0,1
"Unknown, Trabzon, Turkey","Unknown, İzmir, Turkey",1926.0,1
"Unknown, Tripoli, Libya","Unknown, Unknown, Unknown",1916.0,1
"Unknown, Tunis, Tunisia","Unknown, Unknown, Unknown",1929.0,1
"Unknown, Unknown, Cyprus","Fatih, İstanbul, Turkey",1928.0,1
"Unknown, Unknown, Cyprus","Unknown, Larnaca, Cyprus",1928.0,1
"Unknown, Unknown, Egypt","Unknown, Unknown, Unknown",1910.0,1
"Unknown, Unknown, France","Fatih, İstanbul, Turkey",1928.0,1
"Unknown, Unknown, France","Unknown, Basra, Iraq",1919.0,1
"Unknown, Unknown, Iraq","Fatih, İstanbul, Turkey",1920.0,1
"Unknown, Unknown, Iraq","Unknown, Edirne, Turkey",1928.0,1
"Unknown, Unknown, Italy","Unknown, Unknown, Unknown",1928.0,1
"Unknown, Unknown, Syria","Unknown, Aleppo, Syria",1921.0,1
"Pera, İstanbul, Turkey","Unknown, Uşak, Turkey",1924.0,1
"Pera, İstanbul, Turkey","Unknown, İstanbul, Turkey",1927.0,1
"Pera, İstanbul, Turkey","Unknown, İstanbul, Turkey",1928.0,1
"Pera, İstanbul, Turkey","Unknown, İzmir, Turkey",1908.0,1
"Pera, İstanbul, Turkey","Unknown, Sivas, Turkey",1925.0,1
"Pera, İstanbul, Turkey","Unknown, Thessaloniki, Greece",1918.0,1
"Pera, İstanbul, Turkey","Unknown, Thessaloniki, Greece",1929.0,1
"Pera, İstanbul, Turkey","Unknown, Trabzon, Turkey",1918.0,1
"Pera, İstanbul, Turkey","Unknown, Unknown, Unknown",1902.0,1
"Pera, İstanbul, Turkey","Unknown, Unknown, Unknown",1905.0,1
"Unknown, Unknown, Syria","Unknown, Larnaca, Cyprus",1911.0,1
"Unknown, Unknown, Syria","Unknown, Unknown, Unknown",1929.0,1
"Pera, İstanbul, Turkey","Unknown, Ordu, Turkey",1921.0,1
"Unknown, Unknown, Unknown","Fatih, İstanbul, Turkey",1923.0,1
"Unknown, Unknown, Unknown","Fatih, İstanbul, Turkey",1925.0,1
"Unknown, Unknown, Unknown","Adapazarı, Sakarya, Turkey",1910.0,1
"Unknown, Unknown, Unknown","Adapazarı, Sakarya, Turkey",1919.0,1
"Unknown, Unknown, Unknown","Adapazarı, Sakarya, Turkey",1929.0,1
"Unknown, Unknown, Unknown","Adapazarı, Sakarya, Turkey",1930.0,1
"Unknown, Unknown, Unknown","Bandırma, Balıkesir, Turkey",1914.0,1
"Unknown, Unknown, Unknown","Ceyhan, Adana, Turkey",1929.0,1
"Unknown, Unknown, Unknown","Fatih, İstanbul, Turkey",1901.0,1
"Unknown, Unknown, Unknown","Fatih, İstanbul, Turkey",1903.0,1
"Unknown, Unknown, Unknown","Fatih, İstanbul, Turkey",1904.0,1
"Unknown, Unknown, Greece","Unknown, Eskişehir, Turkey",1929.0,1
"Unknown, Unknown, Greece","Unknown, Nicosia, Cyprus",1930.0,1
"Unknown, Unknown, Greece","Unknown, Unknown, Unknown",1904.0,1
"Unknown, Unknown, Greece","Unknown, Unknown, Unknown",1924.0,1
"Unknown, Unknown, Unknown","Fatih, İstanbul, Turkey",1914.0,1
"Unknown, Unknown, Unknown","Fatih, İstanbul, Turkey",1915.0,1
"Unknown, Unknown, Unknown","Fatih, İstanbul, Turkey",1916.0,1
"Unknown, Unknown, Unknown","Fatih, İstanbul, Turkey",1918.0,1
"Unknown, Unknown, Unknown","Fatih, İstanbul, Turkey",1919.0,1
"Pera, İstanbul, Turkey","Unknown, Unknown, Unknown",1908.0,1
"Pera, İstanbul, Turkey","Unknown, Unknown, Unknown",1909.0,1
"Pera, İstanbul, Turkey","Unknown, Unknown, Unknown",1911.0,1
"Pera, İstanbul, Turkey","Unknown, Unknown, Unknown",1914.0,1
"Pera, İstanbul, Turkey","Unknown, Kütahya, Turkey",1929.0,1
"Pera, İstanbul, Turkey","Unknown, Larnaca, Cyprus",1904.0,1
"Pera, İstanbul, Turkey","Unknown, London, United Kingdom",1927.0,1
"Pera, İstanbul, Turkey","Unknown, Malatya, Turkey",1928.0,1
"Pera, İstanbul, Turkey","Unknown, Nicosia, Cyprus",1903.0,1
"Pera, İstanbul, Turkey","Unknown, Ordu, Turkey",1913.0,1
"Pera, İstanbul, Turkey","Unknown, Ordu, Turkey",1920.0,1
"Pera, İstanbul, Turkey","Unknown, Paris, France",1930.0,1
"Pera, İstanbul, Turkey","Unknown, Samsun, Turkey",1901.0,1
"Pera, İstanbul, Turkey","Unknown, Samsun, Turkey",1925.0,1
"Pera, İstanbul, Turkey","Unknown, Erzurum, Turkey",1927.0,1
"Pera, İstanbul, Turkey","Unknown, Eskişehir, Turkey",1919.0,1
"Pera, İstanbul, Turkey","Unknown, Eskişehir, Turkey",1927.0,1
"Pera, İstanbul, Turkey","Unknown, Eskişehir, Turkey",1928.0,1
"Pera, İstanbul, Turkey","Unknown, Eskişehir, Turkey",1930.0,1
"Pera, İstanbul, Turkey","Unknown, Gaziantep, Turkey",1920.0,1
"Pera, İstanbul, Turkey","Unknown, Giresun, Turkey",1927.0,1
"Pera, İstanbul, Turkey","Unknown, Ioannina, Greece",1929.0,1
"Unknown, Unknown, Unknown","Pera, İstanbul, Turkey",1902.0,1
"Unknown, Unknown, Unknown","Pera, İstanbul, Turkey",1905.0,1
"Unknown, Unknown, Unknown","Pera, İstanbul, Turkey",1906.0,1
"Unknown, Unknown, Unknown","Pera, İstanbul, Turkey",1907.0,1
"Unknown, Unknown, Unknown","Fatih, İstanbul, Turkey",1911.0,1
"Pera, İstanbul, Turkey","Unknown, Bursa, Turkey",1930.0,1
"Unknown, Unknown, Unknown","Unknown, Adana, Turkey",1905.0,1
"Unknown, Unknown, Unknown","Unknown, Adana, Turkey",1910.0,1
"Unknown, Unknown, Unknown","Unknown, Adana, Turkey",1911.0,1
"Unknown, Unknown, Unknown","Unknown, Adana, Turkey",1912.0,1
"Unknown, Unknown, Unknown","Unknown, Adana, Turkey",1919.0,1
"Unknown, Unknown, Unknown","Unknown, Adana, Turkey",1927.0,1
"Unknown, Unknown, Unknown","Pera, İstanbul, Turkey",1915.0,1
"Unknown, Unknown, Unknown","Pera, İstanbul, Turkey",1917.0,1
"Unknown, Unknown, Unknown","Pera, İstanbul, Turkey",1921.0,1
"Unknown, Unknown, Unknown","Nazilli, Aydın, Turkey",1914.0,1
"Unknown, Unknown, Unknown","Nazilli, Aydın, Turkey",1917.0,1
"Unknown, Unknown, Unknown","Nazilli, Aydın, Turkey",1929.0,1
"Unknown, Unknown, Unknown","Nazilli, Aydın, Turkey",1930.0,1
"Pera, İstanbul, Turkey","Unknown, Ordu, Turkey",1929.0,1
"Pera, İstanbul, Turkey","Unknown, Paris, France",1927.0,1
"Unknown, Unknown, Unknown","Unknown, Aleppo, Syria",1919.0,1
"Unknown, Unknown, Unknown","Tarsus, Mersin, Turkey",1922.0,1
"Unknown, Unknown, Unknown","Tarsus, Mersin, Turkey",1929.0,1
"Unknown, Unknown, Unknown","Unknown, Adana, Turkey",1901.0,1
"Unknown, Unknown, Unknown","Unknown, Adana, Turkey",1902.0,1
"Pera, İstanbul, Turkey","Unknown, Jaffa, Israel",1928.0,1
"Pera, İstanbul, Turkey","Unknown, Kastamonu, Turkey",1929.0,1
"Pera, İstanbul, Turkey","Unknown, Kastamonu, Turkey",1930.0,1
"Pera, İstanbul, Turkey","Unknown, Konya, Turkey",1919.0,1
"Pera, İstanbul, Turkey","Unknown, Konya, Turkey",1927.0,1
"Pera, İstanbul, Turkey","Unknown, Kütahya, Turkey",1924.0,1
"Pera, İstanbul, Turkey","Unknown, Kütahya, Turkey",1927.0,1
"Pera, İstanbul, Turkey","Unknown, Bilecik, Turkey",1923.0,1
"Pera, İstanbul, Turkey","Unknown, Bolu, Turkey",1922.0,1
"Pera, İstanbul, Turkey","Unknown, Bursa, Turkey",1927.0,1
"Pera, İstanbul, Turkey","Unknown, Bursa, Turkey",1928.0,1
"Pera, İstanbul, Turkey","Unknown, Ankara, Turkey",1924.0,1
"Pera, İstanbul, Turkey","Unknown, Arak, Iran",1919.0,1
"Pera, İstanbul, Turkey","Unknown, Aydın, Turkey",1921.0,1
"Unknown, Unknown, Unknown","Unknown, Alexandria, Egypt",1923.0,1
"Unknown, Unknown, Unknown","Unknown, Alexandria, Egypt",1927.0,1
"Unknown, Unknown, Unknown","Unknown, Alexandria, Egypt",1929.0,1
"Unknown, Unknown, Unknown","Unknown, Alexandria, Egypt",1930.0,1
"Unknown, Unknown, Unknown","Unknown, Alexandroupoli, Greece",1913.0,1
"Unknown, Unknown, Unknown","Unknown, Alexandroupoli, Greece",1914.0,1
"Unknown, Unknown, Unknown","Unknown, Amman, Jordan",1927.0,1
"Unknown, Unknown, Unknown","Unknown, Afyonkarahisar, Turkey",1900.0,1
"Unknown, Unknown, Unknown","Unknown, Afyonkarahisar, Turkey",1912.0,1
"Unknown, Unknown, Unknown","Unknown, Afyonkarahisar, Turkey",1923.0,1
"Unknown, Unknown, Unknown","Unknown, Aleppo, Syria",1914.0,1
"Unknown, Unknown, Unknown","Unknown, Aleppo, Syria",1916.0,1
"Unknown, Unknown, Unknown","Unknown, Aleppo, Syria",1918.0,1
"Unknown, Unknown, Unknown","Unknown, Aydın, Turkey",1904.0,1
"Unknown, Unknown, Unknown","Unknown, Alexandria, Egypt",1904.0,1
"Unknown, Unknown, Unknown","Unknown, Alexandria, Egypt",1906.0,1
"Unknown, Unknown, Unknown","Unknown, Alexandria, Egypt",1912.0,1
"Unknown, Unknown, Unknown","Unknown, Alexandria, Egypt",1914.0,1
"Unknown, Unknown, Unknown","Unknown, Alexandria, Egypt",1921.0,1
"Pera, İstanbul, Turkey","Unknown, Damascus, Syria",1903.0,1
"Pera, İstanbul, Turkey","Unknown, Damascus, Syria",1913.0,1
"Pera, İstanbul, Turkey","Unknown, Diyarbakır, Turkey",1926.0,1
"Pera, İstanbul, Turkey","Unknown, Diyarbakır, Turkey",1927.0,1
"Pera, İstanbul, Turkey","Unknown, Diyarbakır, Turkey",1930.0,1
"Pera, İstanbul, Turkey","Unknown, Edirne, Turkey",1918.0,1
"Pera, İstanbul, Turkey","Unknown, Edirne, Turkey",1926.0,1
"Pera, İstanbul, Turkey","Unknown, Erzurum, Turkey",1925.0,1
"Pera, İstanbul, Turkey","Unknown, Alexandroupoli, Greece",1927.0,1
"Pera, İstanbul, Turkey","Unknown, Ankara, Turkey",1923.0,1
"Unknown, Unknown, Unknown","Unknown, Baghdad, Iraq",1913.0,1
"Unknown, Unknown, Unknown","Unknown, Baghdad, Iraq",1914.0,1
"Unknown, Unknown, Unknown","Unknown, Baghdad, Iraq",1919.0,1
"Unknown, Unknown, Unknown","Unknown, Baghdad, Iraq",1921.0,1
"Unknown, Unknown, Unknown","Unknown, Amman, Jordan",1929.0,1
"Unknown, Unknown, Unknown","Unknown, Ankara, Turkey",1900.0,1
"Unknown, Unknown, Unknown","Unknown, Ankara, Turkey",1907.0,1
"Unknown, Unknown, Unknown","Unknown, Ankara, Turkey",1910.0,1
"Unknown, Unknown, Unknown","Unknown, Ankara, Turkey",1924.0,1
"Unknown, Unknown, Unknown","Unknown, Ankara, Turkey",1925.0,1
"Unknown, Unknown, Unknown","Unknown, Ankara, Turkey",1929.0,1
"Unknown, Unknown, Unknown","Unknown, Antalya, Turkey",1908.0,1
"Unknown, Unknown, Unknown","Unknown, Antalya, Turkey",1914.0,1
"Unknown, Unknown, Unknown","Unknown, Antalya, Turkey",1920.0,1
"Unknown, Unknown, Unknown","Unknown, Antalya, Turkey",1921.0,1
"Unknown, Unknown, Unknown","Unknown, Aydın, Turkey",1900.0,1
"Unknown, Unknown, Unknown","Unknown, Aydın, Turkey",1913.0,1
"Unknown, Unknown, Unknown","Unknown, Aydın, Turkey",1914.0,1
"Unknown, Unknown, Unknown","Unknown, Aydın, Turkey",1930.0,1
"Unknown, Unknown, Unknown","Unknown, Baghdad, Iraq",1901.0,1
"Unknown, Unknown, Unknown","Unknown, Baghdad, Iraq",1903.0,1
"Pera, İstanbul, Turkey","Unknown, Aydın, Turkey",1930.0,1
"Pera, İstanbul, Turkey","Unknown, Baghdad, Iraq",1925.0,1
"Pera, İstanbul, Turkey","Unknown, Balıkesir, Turkey",1927.0,1
"Pera, İstanbul, Turkey","Unknown, Beirut, Lebanon",1912.0,1
"Pera, İstanbul, Turkey","Fatih, İstanbul, Turkey",1925.0,1
"Pera, İstanbul, Turkey","Fatih, İstanbul, Turkey",1930.0,1
"Pera, İstanbul, Turkey","Tarsus, Mersin, Turkey",1919.0,1
"Pera, İstanbul, Turkey","Unknown, Adana, Turkey",1923.0,1
"Unknown, Unknown, Unknown","Unknown, Baghdad, Iraq",1905.0,1
"Unknown, Unknown, Unknown","Unknown, Baghdad, Iraq",1906.0,1
"Unknown, Unknown, Unknown","Unknown, Baghdad, Iraq",1910.0,1
"Pera, İstanbul, Turkey","Fatih, İstanbul, Turkey",1901.0,1
"Pera, İstanbul, Turkey","Fatih, İstanbul, Turkey",1904.0,1
"Unknown, Unknown, Unknown","Unknown, Beirut, Lebanon",1918.0,1
"Unknown, Unknown, Unknown","Unknown, Beirut, Lebanon",1919.0,1
"Unknown, Unknown, Unknown","Unknown, Beirut, Lebanon",1927.0,1
"Unknown, Unknown, Unknown","Unknown, Baghdad, Iraq",1924.0,1
"Unknown, Unknown, Unknown","Unknown, Baghdad, Iraq",1925.0,1
"Unknown, Unknown, Unknown","Unknown, Baghdad, Iraq",1930.0,1
"Unknown, Unknown, Unknown","Unknown, Balıkesir, Turkey",1923.0,1
"Unknown, Unknown, Unknown","Unknown, Balıkesir, Turkey",1929.0,1
"Unknown, Unknown, Unknown","Unknown, Basra, Iraq",1911.0,1
"Unknown, Unknown, Unknown","Unknown, Basra, Iraq",1912.0,1
"Unknown, Unknown, Unknown","Unknown, Basra, Iraq",1920.0,1
"Unknown, Unknown, Unknown","Unknown, Basra, Iraq",1926.0,1
"Unknown, Unknown, Unknown","Unknown, Basra, Iraq",1928.0,1
"Unknown, Unknown, Unknown","Unknown, Bayburt, Turkey",1929.0,1
"Unknown, Unknown, Unknown","Unknown, Bursa, Turkey",1929.0,1
"Unknown, Unknown, Unknown","Unknown, Bayburt, Turkey",1930.0,1
"Unknown, Unknown, Unknown","Unknown, Beirut, Lebanon",1902.0,1
"Unknown, Unknown, Unknown","Unknown, Beirut, Lebanon",1905.0,1
"Pera, İstanbul, Turkey","Unknown, Adana, Turkey",1925.0,1
"Pera, İstanbul, Turkey","Unknown, Adana, Turkey",1926.0,1
"Pera, İstanbul, Turkey","Unknown, Afyonkarahisar, Turkey",1918.0,1
"Pera, İstanbul, Turkey","Unknown, Afyonkarahisar, Turkey",1920.0,1
"Pera, İstanbul, Turkey","Unknown, Afyonkarahisar, Turkey",1923.0,1
"Pera, İstanbul, Turkey","Unknown, Aleppo, Syria",1915.0,1
"Nazilli, Aydın, Turkey","Unknown, İzmir, Turkey",1927.0,1
"Pera, İstanbul, Turkey","Adapazarı, Sakarya, Turkey",1919.0,1
"Pera, İstanbul, Turkey","Adapazarı, Sakarya, Turkey",1921.0,1
"Pera, İstanbul, Turkey","Adapazarı, Sakarya, Turkey",1927.0,1
"Pera, İstanbul, Turkey","Bandırma, Balıkesir, Turkey",1929.0,1
"Pera, İstanbul, Turkey","Ceyhan, Adana, Turkey",1929.0,1
"Unknown, Unknown, Unknown","Unknown, Cairo, Egypt",1910.0,1
"Unknown, Unknown, Unknown","Unknown, Cairo, Egypt",1925.0,1
"Unknown, Unknown, Unknown","Unknown, Cairo, Egypt",1929.0,1
"Unknown, Unknown, Unknown","Unknown, Beirut, Lebanon",1929.0,1
"Unknown, Unknown, Unknown","Unknown, Bitola, North Macedonia",1909.0,1
"Unknown, Unknown, Unknown","Unknown, Bolu, Turkey",1927.0,1
"Unknown, Unknown, Unknown","Unknown, Bolu, Turkey",1928.0,1
"Unknown, Unknown, Unknown","Unknown, Bolu, Turkey",1930.0,1
"Unknown, Unknown, Unknown","Unknown, Bursa, Turkey",1909.0,1
"Unknown, Unknown, Unknown","Unknown, Bursa, Turkey",1911.0,1
"Unknown, Unknown, Unknown","Unknown, Bursa, Turkey",1912.0,1
"Unknown, Unknown, Unknown","Unknown, Bursa, Turkey",1913.0,1
"Unknown, Unknown, Unknown","Unknown, Bursa, Turkey",1918.0,1
"Unknown, Unknown, Unknown","Unknown, Bursa, Turkey",1919.0,1
"Unknown, Unknown, Unknown","Unknown, Bursa, Turkey",1921.0,1
"Unknown, Unknown, Unknown","Unknown, Bursa, Turkey",1923.0,1
"Unknown, Unknown, Unknown","Unknown, Denizli, Turkey",1914.0,1
"Unknown, Unknown, Unknown","Unknown, Diyarbakır, Turkey",1926.0,1
"Unknown, Unknown, Unknown","Unknown, Cairo, Egypt",1902.0,1
"Unknown, Unknown, Unknown","Unknown, Cairo, Egypt",1903.0,1
"Unknown, Unknown, Unknown","Unknown, Cairo, Egypt",1906.0,1
"Pera, İstanbul, Turkey","Fatih, İstanbul, Turkey",1909.0,1
"Pera, İstanbul, Turkey","Fatih, İstanbul, Turkey",1910.0,1
"Pera, İstanbul, Turkey","Fatih, İstanbul, Turkey",1911.0,1
"Pera, İstanbul, Turkey","Fatih, İstanbul, Turkey",1920.0,1
"Pera, İstanbul, Turkey","Fatih, İstanbul, Turkey",1921.0,1
"Pera, İstanbul, Turkey","Fatih, İstanbul, Turkey",1922.0,1
"Pera, İstanbul, Turkey","Fatih, İstanbul, Turkey",1924.0,1
"Fatih, İstanbul, Turkey","Unknown, Uşak, Turkey",1927.0,1
"Fatih, İstanbul, Turkey","Unknown, İstanbul, Turkey",1905.0,1
"Fatih, İstanbul, Turkey","Unknown, İzmir, Turkey",1925.0,1
"Fatih, İstanbul, Turkey","Unknown, İzmir, Turkey",1928.0,1
"Unknown, Unknown, Unknown","Unknown, Erzurum, Turkey",1919.0,1
"Unknown, Unknown, Unknown","Unknown, Erzurum, Turkey",1928.0,1
"Unknown, Unknown, Unknown","Unknown, Erzurum, Turkey",1929.0,1
"Unknown, Unknown, Unknown","Unknown, Eskişehir, Turkey",1908.0,1
"Unknown, Unknown, Unknown","Unknown, Eskişehir, Turkey",1921.0,1
"Unknown, Unknown, Unknown","Unknown, Cairo, Egypt",1930.0,1
"Unknown, Unknown, Unknown","Unknown, Damascus, Syria",1900.0,1
"Unknown, Unknown, Unknown","Unknown, Damascus, Syria",1904.0,1
"Unknown, Unknown, Unknown","Unknown, Damascus, Syria",1905.0,1
"Unknown, Unknown, Unknown","Unknown, Damascus, Syria",1906.0,1
"Unknown, Unknown, Unknown","Unknown, Damascus, Syria",1907.0,1
"Unknown, Unknown, Unknown","Unknown, Damascus, Syria",1909.0,1
"Unknown, Unknown, Unknown","Unknown, Damascus, Syria",1911.0,1
"Unknown, Unknown, Unknown","Unknown, Damascus, Syria",1913.0,1
"Unknown, Unknown, Unknown","Unknown, Damascus, Syria",1914.0,1
"Unknown, Unknown, Unknown","Unknown, Damascus, Syria",1921.0,1
"Unknown, Unknown, Unknown","Unknown, Haifa, Israel",1913.0,1
"Unknown, Unknown, Unknown","Unknown, Hama, Syria",1911.0,1
"Unknown, Unknown, Unknown","Unknown, Hama, Syria",1925.0,1
"Unknown, Unknown, Unknown","Unknown, Hamadan, Iran",1928.0,1
"Unknown, Unknown, Unknown","Unknown, Hamadan, Iran",1930.0,1
"Unknown, Unknown, Unknown","Unknown, Diyarbakır, Turkey",1928.0,1
"Unknown, Unknown, Unknown","Unknown, Edirne, Turkey",1902.0,1
"Unknown, Unknown, Unknown","Unknown, Edirne, Turkey",1907.0,1
"Unknown, Unknown, Unknown","Unknown, Edirne, Turkey",1908.0,1
"Unknown, Unknown, Unknown","Unknown, Edirne, Turkey",1914.0,1
"Unknown, Unknown, Unknown","Unknown, Edirne, Turkey",1919.0,1
"Unknown, Unknown, Unknown","Unknown, Edirne, Turkey",1923.0,1
"Unknown, Unknown, Unknown","Unknown, Edirne, Turkey",1930.0,1
"Unknown, Unknown, Unknown","Unknown, Elazığ, Turkey",1920.0,1
"Unknown, Unknown, Unknown","Unknown, Elazığ, Turkey",1922.0,1
"Unknown, Unknown, Unknown","Unknown, Erzurum, Turkey",1912.0,1
"Unknown, Unknown, Unknown","Unknown, Jaffa, Israel",1926.0,1
"Unknown, Unknown, Unknown","Unknown, Jaffa, Israel",1928.0,1
"Unknown, Unknown, Unknown","Unknown, Jaffa, Israel",1929.0,1
"Unknown, Unknown, Unknown","Unknown, Jaffa, Israel",1930.0,1
"Unknown, Unknown, Unknown","Unknown, Jeddah, Saudi Arabia",1918.0,1
"Unknown, Unknown, Unknown","Unknown, Jerusalem, Israel",1906.0,1
"Unknown, Unknown, Unknown","Unknown, Jerusalem, Israel",1908.0,1
"Unknown, Unknown, Unknown","Unknown, Jerusalem, Israel",1909.0,1
"Unknown, Unknown, Unknown","Unknown, Eskişehir, Turkey",1925.0,1
"Unknown, Unknown, Unknown","Unknown, Eskişehir, Turkey",1927.0,1
"Unknown, Unknown, Unknown","Unknown, Famagusta, Cyprus",1929.0,1
"Unknown, Unknown, Unknown","Unknown, Gaziantep, Turkey",1929.0,1
"Unknown, Unknown, Unknown","Unknown, Gaziantep, Turkey",1930.0,1
"Unknown, Unknown, Unknown","Unknown, Giresun, Turkey",1914.0,1
"Unknown, Unknown, Unknown","Unknown, Giresun, Turkey",1928.0,1
"Unknown, Unknown, Unknown","Unknown, Giresun, Turkey",1930.0,1
"Fatih, İstanbul, Turkey","Unknown, Thessaloniki, Greece",1928.0,1
"Fatih, İstanbul, Turkey","Unknown, Trabzon, Turkey",1929.0,1
"Fatih, İstanbul, Turkey","Unknown, Tunis, Tunisia",1927.0,1
"Fatih, İstanbul, Turkey","Unknown, Unknown, France",1927.0,1
"Fatih, İstanbul, Turkey","Unknown, Unknown, Unknown",1904.0,1
"Fatih, İstanbul, Turkey","Unknown, Unknown, Unknown",1905.0,1
"Unknown, Unknown, Unknown","Unknown, Kastamonu, Turkey",1901.0,1
"Unknown, Unknown, Unknown","Unknown, Kastamonu, Turkey",1930.0,1
"Unknown, Unknown, Unknown","Unknown, Kavala, Greece",1906.0,1
"Unknown, Unknown, Unknown","Unknown, Kavala, Greece",1911.0,1
"Unknown, Unknown, Unknown","Unknown, Kavala, Greece",1922.0,1
"Unknown, Unknown, Unknown","Unknown, Kavala, Greece",1924.0,1
"Unknown, Unknown, Unknown","Unknown, Ioannina, Greece",1918.0,1
"Unknown, Unknown, Unknown","Unknown, Jaffa, Israel",1908.0,1
"Unknown, Unknown, Unknown","Unknown, Jaffa, Israel",1910.0,1
"Unknown, Unknown, Unknown","Unknown, Jaffa, Israel",1914.0,1
"Unknown, Unknown, Unknown","Unknown, Jerusalem, Israel",1910.0,1
"Unknown, Unknown, Unknown","Unknown, Jerusalem, Israel",1911.0,1
"Unknown, Unknown, Unknown","Unknown, Jerusalem, Israel",1924.0,1
"Unknown, Unknown, Unknown","Unknown, Jerusalem, Israel",1926.0,1
"Unknown, Unknown, Unknown","Unknown, Jerusalem, Israel",1927.0,1
"Unknown, Unknown, Unknown","Unknown, Jerusalem, Israel",1928.0,1
"Unknown, Unknown, Unknown","Unknown, Jerusalem, Israel",1929.0,1
"Fatih, İstanbul, Turkey","Unknown, Şanlıurfa, Turkey",1919.0,1
"Fatih, İstanbul, Turkey","Yeni Cami, İstanbul, Turkey",1928.0,1
"Fatih, İstanbul, Turkey","İnebolu, Kastamonu, Turkey",1929.0,1
"Milas, Muğla, Turkey","Unknown, Unknown, Unknown",1928.0,1
"Nazilli, Aydın, Turkey","Unknown, Beirut, Lebanon",1910.0,1
"Nazilli, Aydın, Turkey","Unknown, Unknown, Unknown",1928.0,1
"Nazilli, Aydın, Turkey","Unknown, Unknown, Unknown",1930.0,1
"Nazilli, Aydın, Turkey","Unknown, Zonguldak, Turkey",1930.0,1
"Fatih, İstanbul, Turkey","Unknown, Tekirdağ, Turkey",1928.0,1
"Unknown, Unknown, Unknown","Unknown, London, United Kingdom",1928.0,1
"Unknown, Unknown, Unknown","Unknown, London, United Kingdom",1929.0,1
"Unknown, Unknown, Unknown","Unknown, Kayseri, Turkey",1930.0,1
"Unknown, Unknown, Unknown","Unknown, Kermanshah, Iran",1928.0,1
"Unknown, Unknown, Unknown","Unknown, Kermanshah, Iran",1929.0,1
"Unknown, Unknown, Unknown","Unknown, Konya, Turkey",1908.0,1
"Unknown, Unknown, Unknown","Unknown, Konya, Turkey",1919.0,1
"Unknown, Unknown, Unknown","Unknown, Konya, Turkey",1920.0,1
"Unknown, Unknown, Unknown","Unknown, Konya, Turkey",1927.0,1
"Unknown, Unknown, Unknown","Unknown, Konya, Turkey",1928.0,1
"Unknown, Unknown, Unknown","Unknown, Konya, Turkey",1929.0,1
"Unknown, Unknown, Unknown","Unknown, Konya, Turkey",1930.0,1
"Unknown, Unknown, Unknown","Unknown, Kütahya, Turkey",1904.0,1
"Unknown, Unknown, Unknown","Unknown, Kütahya, Turkey",1906.0,1
"Unknown, Unknown, Unknown","Unknown, Kütahya, Turkey",1910.0,1
"Unknown, Unknown, Unknown","Unknown, Kütahya, Turkey",1927.0,1
"Fatih, İstanbul, Turkey","Unknown, Jaffa, Israel",1910.0,1
"Fatih, İstanbul, Turkey","Unknown, Jaffa, Israel",1918.0,1
"Unknown, Unknown, Unknown","Unknown, Mersin, Turkey",1919.0,1
"Unknown, Unknown, Unknown","Unknown, Mersin, Turkey",1923.0,1
"Unknown, Unknown, Unknown","Unknown, Mersin, Turkey",1928.0,1
"Unknown, Unknown, Unknown","Unknown, Mersin, Turkey",1929.0,1
"Unknown, Unknown, Unknown","Unknown, Mosul, Iraq",1909.0,1
"Unknown, Unknown, Unknown","Unknown, Mytilene, Greece",1903.0,1
"Unknown, Unknown, Unknown","Unknown, Mytilene, Greece",1909.0,1
"Unknown, Unknown, Unknown","Unknown, Larnaca, Cyprus",1900.0,1
"Unknown, Unknown, Unknown","Unknown, Larnaca, Cyprus",1901.0,1
"Unknown, Unknown, Unknown","Unknown, Larnaca, Cyprus",1903.0,1
"Unknown, Unknown, Unknown","Unknown, Larnaca, Cyprus",1918.0,1
"Unknown, Unknown, Unknown","Unknown, Larnaca, Cyprus",1926.0,1
"Unknown, Unknown, Unknown","Unknown, Limassol, Cyprus",1900.0,1
"Unknown, Unknown, Unknown","Unknown, London, United Kingdom",1905.0,1
"Unknown, Unknown, Unknown","Unknown, Mersin, Turkey",1900.0,1
"Unknown, Unknown, Unknown","Unknown, Mersin, Turkey",1905.0,1
"Unknown, Unknown, Unknown","Unknown, Mersin, Turkey",1909.0,1
"Unknown, Unknown, Unknown","Unknown, Mersin, Turkey",1910.0,1
"Fatih, İstanbul, Turkey","Unknown, Unknown, Unknown",1906.0,1
"Fatih, İstanbul, Turkey","Unknown, Unknown, Unknown",1911.0,1
"Fatih, İstanbul, Turkey","Unknown, Unknown, Unknown",1912.0,1
"Fatih, İstanbul, Turkey","Unknown, Unknown, Unknown",1921.0,1
"Fatih, İstanbul, Turkey","Unknown, Unknown, Unknown",1924.0,1
"Fatih, İstanbul, Turkey","Unknown, Unknown, Unknown",1925.0,1
"Fatih, İstanbul, Turkey","Unknown, Bursa, Turkey",1930.0,1
"Fatih, İstanbul, Turkey","Unknown, Drama, Greece",1910.0,1
"Fatih, İstanbul, Turkey","Unknown, Edirne, Turkey",1928.0,1
"Fatih, İstanbul, Turkey","Unknown, Giresun, Turkey",1918.0,1
"Fatih, İstanbul, Turkey","Unknown, Giresun, Turkey",1920.0,1
"Fatih, İstanbul, Turkey","Unknown, Giresun, Turkey",1930.0,1
"Unknown, Unknown, Unknown","Unknown, Tekirdağ, Turkey",1914.0,1
"Unknown, Unknown, Unknown","Unknown, Mytilene, Greece",1912.0,1
"Unknown, Unknown, Unknown","Unknown, Mytilene, Greece",1918.0,1
"Unknown, Unknown, Unknown","Unknown, Naples, Italy",1930.0,1
"Unknown, Unknown, Unknown","Unknown, Nicosia, Cyprus",1900.0,1
"Unknown, Unknown, Unknown","Unknown, Nicosia, Cyprus",1909.0,1
"Unknown, Unknown, Unknown","Unknown, Nicosia, Cyprus",1921.0,1
"Unknown, Unknown, Unknown","Unknown, Nicosia, Cyprus",1922.0,1
"Unknown, Unknown, Unknown","Unknown, Nicosia, Cyprus",1923.0,1
"Unknown, Unknown, Unknown","Unknown, Nicosia, Cyprus",1924.0,1
"Unknown, Unknown, Unknown","Unknown, Ordu, Turkey",1922.0,1
"Unknown, Unknown, Unknown","Unknown, Ordu, Turkey",1928.0,1
"Unknown, Unknown, Unknown","Unknown, Port Said, Egypt",1901.0,1
"Unknown, Unknown, Unknown","Unknown, Port Said, Egypt",1904.0,1
"Unknown, Unknown, Unknown","Unknown, Manisa, Turkey",1930.0,1
"Unknown, Unknown, Unknown","Unknown, Mansoura, Egypt",1928.0,1
"Unknown, Unknown, Unknown","Unknown, Thessaloniki, Greece",1913.0,1
"Unknown, Unknown, Unknown","Unknown, Thessaloniki, Greece",1914.0,1
"Unknown, Unknown, Unknown","Unknown, Thessaloniki, Greece",1915.0,1
"Unknown, Unknown, Unknown","Unknown, Thessaloniki, Greece",1917.0,1
"Unknown, Unknown, Unknown","Unknown, Thessaloniki, Greece",1921.0,1
"Unknown, Unknown, Unknown","Unknown, Port Said, Egypt",1907.0,1
"Unknown, Unknown, Unknown","Unknown, Samsun, Turkey",1907.0,1
"Unknown, Unknown, Unknown","Unknown, Samsun, Turkey",1913.0,1
"Unknown, Unknown, Unknown","Unknown, Samsun, Turkey",1922.0,1
"Unknown, Unknown, Unknown","Unknown, Samsun, Turkey",1929.0,1
"Unknown, Unknown, Unknown","Unknown, Sivas, Turkey",1920.0,1
"Unknown, Unknown, Unknown","Unknown, Sivas, Turkey",1930.0,1
"Unknown, Unknown, Unknown","Unknown, Skopje, North Macedonia",1905.0,1
"Unknown, Unknown, Unknown","Unknown, Tehran, Iran",1927.0,1
"Unknown, Unknown, Unknown","Unknown, Tekirdağ, Turkey",1908.0,1
"Unknown, Unknown, Unknown","Unknown, Tekirdağ, Turkey",1913.0,1
"Unknown, Unknown, Unknown","Unknown, Tunis, Tunisia",1927.0,1
"Unknown, Unknown, Unknown","Unknown, Tunis, Tunisia",1929.0,1
"Unknown, Unknown, Unknown","Unknown, Unknown, Cyprus",1929.0,1
"Unknown, Unknown, Unknown","Unknown, Unknown, France",1914.0,1
"Unknown, Unknown, Unknown","Unknown, Unknown, France",1927.0,1
"Unknown, Unknown, Unknown","Unknown, Unknown, France",1929.0,1
"Unknown, Unknown, Unknown","Unknown, Unknown, Greece",1903.0,1
"Unknown, Unknown, Unknown","Unknown, Unknown, Iraq",1928.0,1
"Unknown, Unknown, Unknown","Unknown, Tekirdağ, Turkey",1915.0,1
"Unknown, Unknown, Unknown","Unknown, Tekirdağ, Turkey",1924.0,1
"Unknown, Unknown, Unknown","Unknown, Tekirdağ, Turkey",1925.0,1
"Unknown, Unknown, Unknown","Unknown, Tekirdağ, Turkey",1928.0,1
"Unknown, Unknown, Unknown","Unknown, Tekirdağ, Turkey",1929.0,1
"Unknown, Unknown, Unknown","Unknown, Tekirdağ, Turkey",1930.0,1
"Unknown, Unknown, Unknown","Unknown, Thessaloniki, Greece",1902.0,1
"Unknown, Unknown, Unknown","Unknown, Thessaloniki, Greece",1906.0,1
"Fatih, İstanbul, Turkey","Unknown, Adana, Turkey",1910.0,1
"Fatih, İstanbul, Turkey","Unknown, Adana, Turkey",1920.0,1
"Fatih, İstanbul, Turkey","Unknown, Adana, Turkey",1926.0,1
"Fatih, İstanbul, Turkey","Unknown, Adana, Turkey",1929.0,1
"Fatih, İstanbul, Turkey","Unknown, Adana, Turkey",1930.0,1
"Unknown, Unknown, Unknown","Unknown, Uşak, Turkey",1929.0,1
"Unknown, Unknown, Unknown","Unknown, Uşak, Turkey",1930.0,1
"Unknown, Unknown, Unknown","Unknown, İstanbul, Turkey",1917.0,1
"Unknown, Unknown, Unknown","Unknown, İstanbul, Turkey",1930.0,1
"Unknown, Unknown, Unknown","Unknown, Trabzon, Turkey",1900.0,1
"Unknown, Unknown, Unknown","Unknown, Trabzon, Turkey",1908.0,1
"Unknown, Unknown, Unknown","Unknown, Trabzon, Turkey",1926.0,1
"Unknown, Unknown, Unknown","Unknown, Trabzon, Turkey",1928.0,1
"Unknown, Unknown, Unknown","Unknown, Tripoli, Lebanon",1914.0,1
"Unknown, Unknown, Unknown","Unknown, Tripoli, Libya",1907.0,1
"Unknown, Unknown, Unknown","Unknown, Tripoli, Libya",1911.0,1
"Unknown, Unknown, Unknown","Unknown, İzmir, Turkey",1921.0,1
"Unknown, Unknown, Unknown","Unknown, Unknown, Israel",1930.0,1
"Unknown, Unknown, Unknown","Unknown, Unknown, Turkey",1930.0,1
"Unknown, Unknown, Unknown","Unknown, Unknown, United Kingdom",1930.0,1
"Unknown, Unknown, Unknown","Unknown, Uşak, Turkey",1900.0,1
"Unknown, Unknown, Unknown","Unknown, Uşak, Turkey",1903.0,1
"Unknown, Unknown, Unknown","Unknown, Uşak, Turkey",1916.0,1
"Fatih, İstanbul, Turkey","Unknown, Jerusalem, Israel",1928.0,1
"Fatih, İstanbul, Turkey","Unknown, Konya, Turkey",1928.0,1
"Fatih, İstanbul, Turkey","Unknown, Konya, Turkey",1929.0,1
"Fatih, İstanbul, Turkey","Unknown, Kütahya, Turkey",1930.0,1
"Fatih, İstanbul, Turkey","Unknown, Mosul, Iraq",1929.0,1
"Fatih, İstanbul, Turkey","Unknown, Naples, Italy",1928.0,1
"Fatih, İstanbul, Turkey","Unknown, Paris, France",1927.0,1
"Fatih, İstanbul, Turkey","Unknown, Samsun, Turkey",1928.0,1
"Fatih, İstanbul, Turkey","Tarsus, Mersin, Turkey",1930.0,1
"Unknown, Unknown, Unknown","Unknown, Şanlıurfa, Turkey",1928.0,1
"Unknown, Unknown, Unknown","Unknown, Şanlıurfa, Turkey",1929.0,1
"Unknown, Unknown, Unknown","Yeni Cami, İstanbul, Turkey",1928.0,1
"Unknown, Unknown, Unknown","İnebolu, Kastamonu, Turkey",1910.0,1
"Unknown, Unknown, Unknown","Unknown, İzmir, Turkey",1903.0,1
"Unknown, Unknown, Unknown","Unknown, İzmir, Turkey",1904.0,1
"Unknown, Unknown, Unknown","Unknown, İzmir, Turkey",1905.0,1
"Unknown, Unknown, Unknown","Unknown, İzmir, Turkey",1907.0,1
"Unknown, Unknown, Unknown","Unknown, İzmir, Turkey",1910.0,1
"Unknown, Unknown, Unknown","Unknown, İzmir, Turkey",1912.0,1
"Unknown, Unknown, Unknown","Unknown, İzmir, Turkey",1913.0,1
"Unknown, Unknown, Unknown","Unknown, İzmir, Turkey",1915.0,1
"Unknown, Unknown, Unknown","Unknown, İzmir, Turkey",1917.0,1
"Unknown, Unknown, Unknown","Unknown, İzmir, Turkey",1918.0,1
"Unknown, Unknown, Unknown","Unknown, İzmir, Turkey",1919.0,1
"Unknown, Unknown, Unknown","Unknown, İzmir, Turkey",1920.0,1
"Ceyhan, Adana, Turkey","Unknown, Unknown, Unknown",1930.0,1
"Fatih, İstanbul, Turkey","Bandırma, Balıkesir, Turkey",1921.0,1
"Fatih, İstanbul, Turkey","Bandırma, Balıkesir, Turkey",1922.0,1
"Fatih, İstanbul, Turkey","Pera, İstanbul, Turkey",1912.0,1
"Fatih, İstanbul, Turkey","Pera, İstanbul, Turkey",1913.0,1
"Unknown, Zonguldak, Turkey","Unknown, Bolu, Turkey",1930.0,1
"Unknown, Çorum, Turkey","Unknown, Kayseri, Turkey",1930.0,1
"Unknown, Çorum, Turkey","Unknown, Unknown, Unknown",1927.0,1
"Unknown, Çorum, Turkey","Unknown, Unknown, Unknown",1929.0,1
"Unknown, Çorum, Turkey","Unknown, Unknown, Unknown",1930.0,1
"Unknown, İstanbul, Turkey","Fatih, İstanbul, Turkey",1907.0,1
"Unknown, İstanbul, Turkey","Fatih, İstanbul, Turkey",1928.0,1
"Unknown, Unknown, Unknown","Unknown, İzmir, Turkey",1922.0,1
"Unknown, Unknown, Unknown","Unknown, İzmir, Turkey",1927.0,1
"Unknown, Unknown, Unknown","Unknown, Şanlıurfa, Turkey",1911.0,1
"Unknown, Unknown, Unknown","Unknown, Şanlıurfa, Turkey",1917.0,1
"Unknown, Unknown, Unknown","İnebolu, Kastamonu, Turkey",1920.0,1
"Unknown, Uşak, Turkey","Unknown, Bursa, Turkey",1930.0,1
"Unknown, Uşak, Turkey","Unknown, Konya, Turkey",1930.0,1
"Unknown, Uşak, Turkey","Unknown, Thessaloniki, Greece",1922.0,1
"Unknown, Uşak, Turkey","Unknown, Unknown, Unknown",1927.0,1
"Unknown, Uşak, Turkey","Unknown, Unknown, Unknown",1929.0,1
"Fatih, İstanbul, Turkey","Unknown, Afyonkarahisar, Turkey",1921.0,1
"Fatih, İstanbul, Turkey","Unknown, Ankara, Turkey",1919.0,1
"Fatih, İstanbul, Turkey","Unknown, Ankara, Turkey",1921.0,1
"Fatih, İstanbul, Turkey","Unknown, Ankara, Turkey",1928.0,1
"Fatih, İstanbul, Turkey","Unknown, Ankara, Turkey",1930.0,1
"Fatih, İstanbul, Turkey","Unknown, Baghdad, Iraq",1922.0,1
"Fatih, İstanbul, Turkey","Unknown, Bursa, Turkey",1923.0,1
"Fatih, İstanbul, Turkey","Unknown, Bursa, Turkey",1926.0,1
"Ceyhan, Adana, Turkey","Unknown, Unknown, Unknown",1927.0,1
"Ceyhan, Adana, Turkey","Unknown, Unknown, Unknown",1929.0,1
"Unknown, İzmir, Turkey","Unknown, Beirut, Lebanon",1918.0,1
"Unknown, İzmir, Turkey","Unknown, Bursa, Turkey",1919.0,1
"Unknown, İzmir, Turkey","Unknown, Bursa, Turkey",1922.0,1
"Unknown, İstanbul, Turkey","Fatih, İstanbul, Turkey",1930.0,1
"Unknown, İstanbul, Turkey","Pera, İstanbul, Turkey",1905.0,1
"Unknown, İstanbul, Turkey","Unknown, Erzurum, Turkey",1912.0,1
"Unknown, İzmir, Turkey","Bandırma, Balıkesir, Turkey",1927.0,1
"Unknown, İzmir, Turkey","Bandırma, Balıkesir, Turkey",1929.0,1
"Unknown, İzmir, Turkey","Fatih, İstanbul, Turkey",1905.0,1
"Unknown, İzmir, Turkey","Fatih, İstanbul, Turkey",1926.0,1
"Unknown, İzmir, Turkey","Fatih, İstanbul, Turkey",1927.0,1
"Unknown, İzmir, Turkey","Milas, Muğla, Turkey",1930.0,1
"Unknown, İzmir, Turkey","Nazilli, Aydın, Turkey",1927.0,1
"Unknown, İzmir, Turkey","Pera, İstanbul, Turkey",1916.0,1
"Unknown, İzmir, Turkey","Pera, İstanbul, Turkey",1924.0,1
"Unknown, Unknown, Unknown","İnebolu, Kastamonu, Turkey",1913.0,1
"Unknown, İzmir, Turkey","Unknown, Konya, Turkey",1926.0,1
"Unknown, İzmir, Turkey","Unknown, Kütahya, Turkey",1928.0,1
"Unknown, İzmir, Turkey","Unknown, Larnaca, Cyprus",1912.0,1
"Unknown, İzmir, Turkey","Unknown, Latakia, Syria",1912.0,1
"Unknown, İzmir, Turkey","Unknown, London, United Kingdom",1925.0,1
"Unknown, İzmir, Turkey","Unknown, London, United Kingdom",1927.0,1
"Unknown, İzmir, Turkey","Unknown, Port Said, Egypt",1914.0,1
"Unknown, İzmir, Turkey","Pera, İstanbul, Turkey",1930.0,1
"Unknown, İzmir, Turkey","Unknown, Adana, Turkey",1926.0,1
"Unknown, İzmir, Turkey","Unknown, Adana, Turkey",1928.0,1
"Unknown, İzmir, Turkey","Unknown, Ankara, Turkey",1928.0,1
"Unknown, İzmir, Turkey","Unknown, Antalya, Turkey",1927.0,1
"Unknown, İzmir, Turkey","Unknown, Aydın, Turkey",1919.0,1
"Unknown, İzmir, Turkey","Unknown, Aydın, Turkey",1927.0,1
"Unknown, İzmir, Turkey","Unknown, Beirut, Lebanon",1905.0,1
"Unknown, İzmir, Turkey","Unknown, Beirut, Lebanon",1906.0,1
"Adapazarı, Sakarya, Turkey","Unknown, Mersin, Turkey",1928.0,1
"Akşehir, Konya, Turkey","Pera, İstanbul, Turkey",1927.0,1
"Akşehir, Konya, Turkey","Unknown, Aydın, Turkey",1929.0,1
"Akşehir, Konya, Turkey","Unknown, Bolu, Turkey",1927.0,1
"Akşehir, Konya, Turkey","Unknown, Unknown, Unknown",1928.0,1
"Akşehir, Konya, Turkey","Unknown, Unknown, Unknown",1929.0,1
"Bandırma, Balıkesir, Turkey","Pera, İstanbul, Turkey",1914.0,1
"Bandırma, Balıkesir, Turkey","Pera, İstanbul, Turkey",1926.0,1
"Yenikapı, İstanbul, Turkey","Unknown, Adana, Turkey",1928.0,1
"Yenikapı, İstanbul, Turkey","Unknown, Unknown, Unknown",1930.0,1
"Yenikapı, İstanbul, Turkey","Unknown, İstanbul, Turkey",1929.0,1
"İnebolu, Kastamonu, Turkey","Unknown, Jaffa, Israel",1927.0,1
"İnebolu, Kastamonu, Turkey","Unknown, Manisa, Turkey",1929.0,1
"İnebolu, Kastamonu, Turkey","Unknown, Ordu, Turkey",1930.0,1
"İnebolu, Kastamonu, Turkey","Unknown, Unknown, Greece",1929.0,1
"Adapazarı, Sakarya, Turkey","Unknown, İzmir, Turkey",1926.0,1
"Bandırma, Balıkesir, Turkey","Unknown, İzmir, Turkey",1923.0,1
"Bolvadin, Afyonkarahisar, Turkey","Unknown, Baghdad, Iraq",1921.0,1
"Ceyhan, Adana, Turkey","Pera, İstanbul, Turkey",1927.0,1
"Ceyhan, Adana, Turkey","Unknown, Adana, Turkey",1930.0,1
"Unknown, Şanlıurfa, Turkey","Unknown, Diyarbakır, Turkey",1928.0,1
"Unknown, Şanlıurfa, Turkey","Unknown, Unknown, Unknown",1927.0,1
"Yeni Cami, İstanbul, Turkey","Unknown, Bayburt, Turkey",1930.0,1
"Yeni Cami, İstanbul, Turkey","Unknown, İzmir, Turkey",1930.0,1
"Unknown, İzmir, Turkey","Unknown, Uşak, Turkey",1924.0,1
"Unknown, İzmir, Turkey","Unknown, Uşak, Turkey",1928.0,1
"Unknown, İznik, Turkey","Unknown, Famagusta, Cyprus",1925.0,1
"Unknown, İznik, Turkey","Unknown, Larnaca, Cyprus",1921.0,1
"Unknown, Şanlıurfa, Turkey","Pera, İstanbul, Turkey",1925.0,1
"Unknown, Şanlıurfa, Turkey","Unknown, Bilecik, Turkey",1918.0,1
"Adapazarı, Sakarya, Turkey","Unknown, Unknown, Unknown",1928.0,1
"Adapazarı, Sakarya, Turkey","Unknown, Unknown, Unknown",1921.0,1
